customer_id,customer_code,customer_name,customer_type,phone,email,city,area,state,customer_since,credit_allowed,credit_limit,payment_terms,status,inactive_date
CUST-001,C-BALA,Balaji Electrical Contractors,Contractor,98401 22334,balaji.electricals@gmail.com,Chennai,T. Nagar,Tamil Nadu,2021-04-05,True,250000.0,Net 30,Active,
CUST-002,C-KALA,Kalaivani Hardware & Paints,Retailer / Trader,98412 33445,kalaivanitraders@yahoo.com,Chennai,Tambaram,Tamil Nadu,2021-04-10,True,150000.0,Net 15,Active,
CUST-003,C-SARV,Saravana Electric Works (Govindaraj),Electrician,94440 98765,,Chennai,Mylapore,Tamil Nadu,2021-04-15,True,50000.0,Net 15,Active,
CUST-004,C-SRIR,Sri Ramakrishna Builders & Infra,Builder / Commercial,98400 11998,purchase@sriraminfra.in,Chennai,OMR Kandanchavadi,Tamil Nadu,2021-06-01,True,500000.0,Net 45,Active,
CUST-005,C-MURA,Murugan Auto Garage & Works,Small Commercial,98840 55443,murugan.garage@outlook.com,Chennai,Ambattur Industrial Estate,Tamil Nadu,2021-07-20,False,0.0,Immediate Cash,Active,
CUST-006,C-PRIY,Dr. Priya Sundaram (Home Clinic),Residential / B2C,98402 77665,drpriya.s@gmail.com,Chennai,Anna Nagar,Tamil Nadu,2021-08-12,False,0.0,Immediate UPI,Active,
CUST-007,C-TECH,TechPark Facility Maintenance Team,Institution,98841 88990,fm.chennai@techparkhub.com,Chennai,Siruseri IT Park,Tamil Nadu,2021-09-01,True,300000.0,Net 30,Active,
CUST-008,C-ANBU,Anbu Electricals (Anbazhagan),Electrician,94451 23456,,Chennai,Chromepet,Tamil Nadu,2021-11-05,True,30000.0,Net 7,Active,
CUST-009,C-DEVI,Devi Agency & Lighting Store,Retailer / Trader,98418 66778,deviagencychn@gmail.com,Chennai,Perambur,Tamil Nadu,2022-01-10,True,180000.0,Net 30,Active,
CUST-010,C-VELS,Vels Vidyashram School Campus,Institution,98409 44332,admin@velscampus.edu.in,Chennai,Pallavaram,Tamil Nadu,2022-02-18,True,100000.0,Net 30,Active,
CUST-011,C-VICT,Victory Housing Projects Phase 2,Builder / Commercial,98404 99001,accounts@victoryhousing.com,Chennai,Porur,Tamil Nadu,2022-04-05,True,400000.0,Net 45,Active,
CUST-012,C-KART,Karthik Residential Apartment Owner,Residential / B2C,98844 11223,karthik.r91@gmail.com,Chennai,Adyar,Tamil Nadu,2022-05-20,False,0.0,Immediate Card,Active,
CUST-013,C-METR,Metro Supermarket Tambaram,Small Commercial,98415 55667,tambaram@metrosupermarket.in,Chennai,Tambaram West,Tamil Nadu,2022-07-15,True,80000.0,Net 15,Active,
CUST-014,C-SIVA,Siva Shankaran (Individual Home),Residential / B2C,94441 66778,siva.shankaran@gmail.com,Chennai,Velachery,Tamil Nadu,2022-09-10,False,0.0,Immediate Cash,Active,
CUST-015,C-SRIN,Srinivasan & Sons Contractor,Contractor,98405 33221,srini_contractor@rediffmail.com,Chennai,Kodambakkam,Tamil Nadu,2022-11-01,True,200000.0,Net 30,Active,
CUST-016,C-ROYA,Royal Comfort Residency Hotel,Small Commercial,98847 77889,maintenance@royalcomfort.in,Chennai,Egmore,Tamil Nadu,2023-01-10,True,120000.0,Net 30,Active,
CUST-017,C-APEX,Apex Manufacturing Solutions,Small Commercial,98410 88221,facility@apexmanufacturing.com,Chennai,Guindy Industrial Estate,Tamil Nadu,2023-02-15,True,350000.0,Net 30,Active,
CUST-018,C-LAKS,Lakshmi Vilas Sweets & Bakery,Small Commercial,98403 44556,,Chennai,Triplicane,Tamil Nadu,2023-04-01,False,0.0,Immediate UPI,Active,
CUST-019,C-POOM,Poompuhar Handicrafts Store,Small Commercial,98848 11990,poompuhar.chn@gov.in,Chennai,Mount Road,Tamil Nadu,2023-05-15,True,60000.0,Net 30,Active,
CUST-020,C-SELV,Selvam Electrician Services,Electrician,94452 77889,,Chennai,Saidapet,Tamil Nadu,2023-06-20,True,40000.0,Net 15,Active,
CUST-021,C-MOHD,Mohammed Riyaz (Home Renovation),Residential / B2C,98416 33221,riyaz.m@hotmail.com,Chennai,Royapettah,Tamil Nadu,2023-08-10,False,0.0,Immediate Cash,Active,
CUST-022,C-GLOB,Global Smart Solutions (P) Ltd,Contractor,98406 22110,procurement@globalsmart.com,Chennai,Sholinganallur,Tamil Nadu,2023-10-05,True,300000.0,Net 30,Active,
CUST-023,C-KALA2,Kalam Brothers Electrical Store,Retailer / Trader,98411 99887,kalambrothers@gmail.com,Chennai,Washermanpet,Tamil Nadu,2023-11-20,True,100000.0,Net 15,Active,
CUST-024,C-VIVE,Vivek Enterprises (Old Partner),Retailer / Trader,98407 11445,vivek.ent@vsnl.com,Chennai,Sowcarpet,Tamil Nadu,2021-04-01,True,100000.0,Net 30,Inactive,2024-03-31
CUST-025,C-BLR1,Brigade Vista Apartment Owners Assn,Residential / B2C,98860 11223,rwa@brigadevista.in,Bangalore,Electronic City Phase 1,Karnataka,2023-01-20,True,150000.0,Net 30,Active,
CUST-026,C-BLR2,Manjunatha Electrical Works,Electrician,97400 44556,,Bangalore,BTM Layout,Karnataka,2023-02-10,True,60000.0,Net 15,Active,
CUST-027,C-BLR3,InnoTech Coworking Hub,Small Commercial,99000 88990,facilities@innotechhub.com,Bangalore,HSR Layout,Karnataka,2023-03-01,True,200000.0,Net 30,Active,
CUST-028,C-BLR4,Sri Venkateshwara Hardware & Electricals,Retailer / Trader,98450 77889,svhardwaresblr@gmail.com,Bangalore,Bommasandra,Karnataka,2023-04-15,True,250000.0,Net 30,Active,
CUST-029,C-BLR5,Raghavendra Infrastructure Developers,Builder / Commercial,99450 22334,raghavendra.infra@gmail.com,Bangalore,Whitefield,Karnataka,2023-06-01,True,450000.0,Net 45,Active,
CUST-030,C-BLR6,Dr. Arvind Rao Dental Clinic,Small Commercial,98862 33445,dr.arvind@raodental.com,Bangalore,Koramangala,Karnataka,2023-07-20,False,0.0,Immediate UPI,Active,
CUST-031,C-BLR7,Nandini Milk Parlour & Mart,Small Commercial,94480 66778,,Bangalore,Jayanagar,Karnataka,2023-09-05,False,0.0,Immediate Cash,Active,
CUST-032,C-BLR8,Cauvery Engineering Contractors,Contractor,98455 11998,purchase@cauveryengg.in,Bangalore,Peenya Industrial Area,Karnataka,2023-10-15,True,300000.0,Net 30,Active,
CUST-033,C-BLR9,Suresh Babu (Villa Construction),Residential / B2C,98866 55443,sureshbabu.blr@yahoo.com,Bangalore,Sarjapur Road,Karnataka,2024-01-10,False,0.0,Immediate Card,Active,
CUST-034,C-BLR10,Silicon Valley PG Hostel Chain,Institution,99001 77665,admin@siliconpghostels.com,Bangalore,Electronic City Phase 2,Karnataka,2024-02-15,True,120000.0,Net 30,Active,
CUST-035,C-BLR11,Gowda Electrical Repairs,Electrician,94482 99001,,Bangalore,Bannerghatta Road,Karnataka,2024-04-01,True,35000.0,Net 7,Active,
CUST-036,C-BLR12,Urban Spaces Interior Studio,Contractor,98452 44332,design@urbanspaces.in,Bangalore,Indiranagar,Karnataka,2024-06-10,True,200000.0,Net 30,Active,
CUST-037,C-CBE1,Kovai Textile Mills Facility Team,Small Commercial,98422 11223,electrical@kovaitextiles.com,Coimbatore,Peelamedu,Tamil Nadu,2023-08-05,True,350000.0,Net 30,Active,
CUST-038,C-CBE2,Marutham Electrical & Power Agency,Retailer / Trader,98430 33445,marutham.cbe@gmail.com,Coimbatore,Gandhipuram,Tamil Nadu,2023-08-20,True,200000.0,Net 15,Active,
CUST-039,C-CBE3,Rangasamy Electrician Workshop,Electrician,94430 55667,,Coimbatore,R.S. Puram,Tamil Nadu,2023-09-10,True,45000.0,Net 15,Active,
CUST-040,C-CBE4,Sri Krishna Engineering College Hostel,Institution,98425 77889,estate@srikrishnaengg.edu,Coimbatore,Kuniyamuthur,Tamil Nadu,2023-10-01,True,180000.0,Net 30,Active,
CUST-041,C-CBE5,Kongu Builders & Real Estate,Builder / Commercial,98433 99001,kongubuilderscbe@gmail.com,Coimbatore,Avinashi Road,Tamil Nadu,2023-11-15,True,400000.0,Net 45,Active,
CUST-042,C-CBE6,Velan Pump & Motor Spares Store,Retailer / Trader,98428 44556,velanpumpscbe@rediffmail.com,Coimbatore,Ganapathy,Tamil Nadu,2024-01-05,True,120000.0,Net 15,Active,
CUST-043,C-CBE7,Sundaram Hospital Maintenance,Institution,98431 88990,maintenance@sundaramhospital.org,Coimbatore,Saibaba Colony,Tamil Nadu,2024-02-20,True,150000.0,Net 30,Active,
CUST-044,C-CBE8,Mani Bros Electricals (Mani),Electrician,94435 22334,,Coimbatore,Singanallur,Tamil Nadu,2024-03-15,True,40000.0,Net 7,Active,
CUST-045,C-CBE9,Karthika Departmental Store,Small Commercial,98426 66778,,Coimbatore,Thudiyalur,Tamil Nadu,2024-05-01,False,0.0,Immediate Cash,Active,
CUST-046,C-CBE10,Annamalai Agro Processing Unit,Small Commercial,98438 11990,accounts@annamalaiagro.in,Coimbatore,Pollachi Road,Tamil Nadu,2024-06-15,True,220000.0,Net 30,Active,
CUST-047,C-CBE11,Kovai Elite Residency Hotel,Small Commercial,98420 77665,admin@kovaielite.com,Coimbatore,Race Course Road,Tamil Nadu,2024-07-10,True,90000.0,Net 30,Active,
CUST-048,C-CBE12,Ramachandran (Individual House Owner),Residential / B2C,94438 33221,ramachandran.cbe@gmail.com,Coimbatore,Vadavalli,Tamil Nadu,2024-08-01,False,0.0,Immediate UPI,Active,
