receipt_item_id,receipt_id,product_id,sku,quantity_ordered,quantity_received,condition_status,receipt_date
GRI-000001,GRN-00001,PRD-015,SW-MOD-16A,296,296,Good Condition,2024-01-18
GRI-000002,GRN-00001,PRD-033,DB-TPN-04W,26,26,Good Condition,2024-01-18
GRI-000003,GRN-00001,PRD-027,MCB-SP-10A,151,151,Good Condition,2024-01-18
GRI-000004,GRN-00001,PRD-031,RCCB-4P-40A,46,46,Good Condition,2024-01-18
GRI-000005,GRN-00002,PRD-036,TAP-ELEC-BLK,1831,1831,Good Condition,2024-01-08
GRI-000006,GRN-00002,PRD-004,LED-BAT-20W,240,240,Good Condition,2024-01-08
GRI-000007,GRN-00003,PRD-027,MCB-SP-10A,234,234,Good Condition,2024-01-15
GRI-000008,GRN-00003,PRD-014,SW-MOD-6A,1529,1529,Good Condition,2024-01-15
GRI-000009,GRN-00003,PRD-005,LED-BAT-36W,70,70,Good Condition,2024-01-15
GRI-000010,GRN-00003,PRD-017,SOC-MOD-16A,527,527,Good Condition,2024-01-15
GRI-000011,GRN-00003,PRD-007,LED-PNL-24W,40,40,Good Condition,2024-01-15
GRI-000012,GRN-00004,PRD-019,PLT-MOD-4M,340,340,Good Condition,2024-01-16
GRI-000013,GRN-00004,PRD-013,FAN-WALL-400,64,64,Good Condition,2024-01-16
GRI-000014,GRN-00004,PRD-029,MCB-SP-32A,279,279,Good Condition,2024-01-16
GRI-000015,GRN-00004,PRD-033,DB-TPN-04W,31,31,Good Condition,2024-01-16
GRI-000016,GRN-00004,PRD-006,LED-PNL-15W,132,132,Good Condition,2024-01-16
GRI-000017,GRN-00005,PRD-007,LED-PNL-24W,45,36,Good Condition,2024-01-23
GRI-000018,GRN-00005,PRD-024,WIR-FR-400,75,60,Good Condition,2024-01-23
GRI-000019,GRN-00005,PRD-035,CON-PVC-25MM,482,385,Good Condition,2024-01-23
GRI-000020,GRN-00005,PRD-023,WIR-FR-250,93,74,Good Condition,2024-01-23
GRI-000021,GRN-00006,PRD-033,DB-TPN-04W,24,24,Good Condition,2024-01-26
GRI-000022,GRN-00006,PRD-035,CON-PVC-25MM,604,604,Good Condition,2024-01-26
GRI-000023,GRN-00006,PRD-021,WIR-FR-100,193,193,Good Condition,2024-01-26
GRI-000024,GRN-00006,PRD-003,LED-BULB-18W,88,88,Good Condition,2024-01-26
GRI-000025,GRN-00007,PRD-026,CBL-ARM-4C10,122,122,Good Condition,2024-01-27
GRI-000026,GRN-00007,PRD-032,DB-SPN-08W,69,69,Good Condition,2024-01-27
GRI-000027,GRN-00008,PRD-028,MCB-SP-16A,487,487,Good Condition,2024-01-31
GRI-000028,GRN-00008,PRD-032,DB-SPN-08W,56,56,Good Condition,2024-01-31
GRI-000029,GRN-00008,PRD-014,SW-MOD-6A,957,957,Good Condition,2024-01-31
GRI-000030,GRN-00009,PRD-011,FAN-BLDC-1200,63,63,Good Condition,2024-02-06
GRI-000031,GRN-00009,PRD-035,CON-PVC-25MM,481,481,Good Condition,2024-02-06
GRI-000032,GRN-00009,PRD-016,SOC-MOD-6A,262,262,Good Condition,2024-02-06
GRI-000033,GRN-00009,PRD-028,MCB-SP-16A,385,385,Good Condition,2024-02-06
GRI-000034,GRN-00010,PRD-017,SOC-MOD-16A,354,354,Good Condition,2024-02-12
GRI-000035,GRN-00010,PRD-016,SOC-MOD-6A,309,309,Good Condition,2024-02-12
GRI-000036,GRN-00010,PRD-032,DB-SPN-08W,37,37,Good Condition,2024-02-12
GRI-000037,GRN-00010,PRD-013,FAN-WALL-400,58,58,Good Condition,2024-02-12
GRI-000038,GRN-00011,PRD-026,CBL-ARM-4C10,395,395,Good Condition,2024-02-22
GRI-000039,GRN-00011,PRD-001,LED-BULB-09W,254,254,Good Condition,2024-02-22
GRI-000040,GRN-00011,PRD-015,SW-MOD-16A,699,699,Good Condition,2024-02-22
GRI-000041,GRN-00011,PRD-019,PLT-MOD-4M,195,195,Good Condition,2024-02-22
GRI-000042,GRN-00011,PRD-005,LED-BAT-36W,133,133,Good Condition,2024-02-22
GRI-000043,GRN-00012,PRD-020,PLT-MOD-8M,256,256,Good Condition,2024-02-26
GRI-000044,GRN-00012,PRD-036,TAP-ELEC-BLK,1141,1141,Good Condition,2024-02-26
GRI-000045,GRN-00013,PRD-012,FAN-EXH-150,42,42,Good Condition,2024-03-03
GRI-000046,GRN-00013,PRD-037,LUG-COP-16MM,85,85,Good Condition,2024-03-03
GRI-000047,GRN-00013,PRD-013,FAN-WALL-400,36,36,Good Condition,2024-03-03
GRI-000048,GRN-00013,PRD-020,PLT-MOD-8M,212,212,Good Condition,2024-03-03
GRI-000049,GRN-00014,PRD-016,SOC-MOD-6A,788,788,Good Condition,2024-03-10
GRI-000050,GRN-00014,PRD-014,SW-MOD-6A,309,309,Good Condition,2024-03-10
GRI-000051,GRN-00014,PRD-031,RCCB-4P-40A,48,48,Good Condition,2024-03-10
GRI-000052,GRN-00014,PRD-027,MCB-SP-10A,169,169,Good Condition,2024-03-10
GRI-000053,GRN-00015,PRD-007,LED-PNL-24W,140,140,Good Condition,2024-03-17
GRI-000054,GRN-00015,PRD-019,PLT-MOD-4M,295,295,Good Condition,2024-03-17
GRI-000055,GRN-00015,PRD-017,SOC-MOD-16A,220,220,Good Condition,2024-03-17
GRI-000056,GRN-00016,PRD-016,SOC-MOD-6A,849,849,Good Condition,2024-03-25
GRI-000057,GRN-00016,PRD-001,LED-BULB-09W,797,797,Good Condition,2024-03-25
GRI-000058,GRN-00017,PRD-025,WIR-FR-600,40,40,Good Condition,2024-03-22
GRI-000059,GRN-00017,PRD-003,LED-BULB-18W,107,107,Good Condition,2024-03-22
GRI-000060,GRN-00018,PRD-003,LED-BULB-18W,193,154,Good Condition,2024-03-31
GRI-000061,GRN-00018,PRD-021,WIR-FR-100,55,44,Good Condition,2024-03-31
GRI-000062,GRN-00018,PRD-038,TST-VOLT-DIG,151,120,Good Condition,2024-03-31
GRI-000063,GRN-00019,PRD-011,FAN-BLDC-1200,65,65,Good Condition,2024-04-23
GRI-000064,GRN-00019,PRD-017,SOC-MOD-16A,560,560,Good Condition,2024-04-23
GRI-000065,GRN-00019,PRD-021,WIR-FR-100,56,56,Good Condition,2024-04-23
GRI-000066,GRN-00019,PRD-029,MCB-SP-32A,174,174,Good Condition,2024-04-23
GRI-000067,GRN-00019,PRD-028,MCB-SP-16A,311,311,Good Condition,2024-04-23
GRI-000068,GRN-00020,PRD-006,LED-PNL-15W,274,274,Good Condition,2024-04-25
GRI-000069,GRN-00020,PRD-028,MCB-SP-16A,460,460,Good Condition,2024-04-25
GRI-000070,GRN-00021,PRD-004,LED-BAT-20W,499,499,Good Condition,2024-04-25
GRI-000071,GRN-00021,PRD-021,WIR-FR-100,165,165,Good Condition,2024-04-25
GRI-000072,GRN-00021,PRD-020,PLT-MOD-8M,81,81,Good Condition,2024-04-25
GRI-000073,GRN-00021,PRD-015,SW-MOD-16A,275,275,Good Condition,2024-04-25
GRI-000074,GRN-00021,PRD-013,FAN-WALL-400,90,90,Good Condition,2024-04-25
GRI-000075,GRN-00022,PRD-019,PLT-MOD-4M,466,466,Good Condition,2024-05-15
GRI-000076,GRN-00022,PRD-025,WIR-FR-600,41,41,Good Condition,2024-05-15
GRI-000077,GRN-00022,PRD-004,LED-BAT-20W,455,455,Good Condition,2024-05-15
GRI-000078,GRN-00022,PRD-022,WIR-FR-150,107,107,Good Condition,2024-05-15
GRI-000079,GRN-00022,PRD-010,FAN-CEIL-1200,53,53,Good Condition,2024-05-15
GRI-000080,GRN-00023,PRD-037,LUG-COP-16MM,118,118,Good Condition,2024-05-26
GRI-000081,GRN-00023,PRD-028,MCB-SP-16A,242,242,Good Condition,2024-05-26
GRI-000082,GRN-00024,PRD-027,MCB-SP-10A,310,310,Good Condition,2024-06-04
GRI-000083,GRN-00024,PRD-025,WIR-FR-600,35,35,Good Condition,2024-06-04
GRI-000084,GRN-00024,PRD-021,WIR-FR-100,86,86,Good Condition,2024-06-04
GRI-000085,GRN-00025,PRD-035,CON-PVC-25MM,897,897,Good Condition,2024-06-12
GRI-000086,GRN-00025,PRD-033,DB-TPN-04W,13,13,Good Condition,2024-06-12
GRI-000087,GRN-00025,PRD-029,MCB-SP-32A,197,197,Good Condition,2024-06-12
GRI-000088,GRN-00025,PRD-007,LED-PNL-24W,58,58,Good Condition,2024-06-12
GRI-000089,GRN-00026,PRD-010,FAN-CEIL-1200,183,183,Good Condition,2024-06-13
GRI-000090,GRN-00026,PRD-024,WIR-FR-400,44,44,Good Condition,2024-06-13
GRI-000091,GRN-00026,PRD-020,PLT-MOD-8M,124,124,Good Condition,2024-06-13
GRI-000092,GRN-00026,PRD-034,EXT-SPIKE-4W,109,109,Good Condition,2024-06-13
GRI-000093,GRN-00027,PRD-020,PLT-MOD-8M,325,325,Good Condition,2024-06-23
GRI-000094,GRN-00027,PRD-010,FAN-CEIL-1200,71,71,Good Condition,2024-06-23
GRI-000095,GRN-00027,PRD-027,MCB-SP-10A,119,119,Good Condition,2024-06-23
GRI-000096,GRN-00028,PRD-019,PLT-MOD-4M,131,131,Good Condition,2024-07-01
GRI-000097,GRN-00028,PRD-034,EXT-SPIKE-4W,183,183,Good Condition,2024-07-01
GRI-000098,GRN-00028,PRD-015,SW-MOD-16A,480,480,Good Condition,2024-07-01
GRI-000099,GRN-00028,PRD-028,MCB-SP-16A,233,233,Good Condition,2024-07-01
GRI-000100,GRN-00029,PRD-032,DB-SPN-08W,55,55,Good Condition,2024-06-26
GRI-000101,GRN-00029,PRD-027,MCB-SP-10A,400,400,Good Condition,2024-06-26
GRI-000102,GRN-00029,PRD-003,LED-BULB-18W,89,89,Good Condition,2024-06-26
GRI-000103,GRN-00029,PRD-018,REG-MOD-FAN,206,206,Good Condition,2024-06-26
GRI-000104,GRN-00030,PRD-007,LED-PNL-24W,97,97,Good Condition,2024-07-09
GRI-000105,GRN-00030,PRD-010,FAN-CEIL-1200,188,188,Good Condition,2024-07-09
GRI-000106,GRN-00031,PRD-014,SW-MOD-6A,1531,1531,Good Condition,2024-07-13
GRI-000107,GRN-00031,PRD-031,RCCB-4P-40A,49,49,Good Condition,2024-07-13
GRI-000108,GRN-00031,PRD-001,LED-BULB-09W,654,654,Good Condition,2024-07-13
GRI-000109,GRN-00031,PRD-018,REG-MOD-FAN,221,221,Good Condition,2024-07-13
GRI-000110,GRN-00031,PRD-028,MCB-SP-16A,190,190,Good Condition,2024-07-13
GRI-000111,GRN-00032,PRD-021,WIR-FR-100,63,63,Good Condition,2024-07-17
GRI-000112,GRN-00032,PRD-027,MCB-SP-10A,339,339,Good Condition,2024-07-17
GRI-000113,GRN-00032,PRD-013,FAN-WALL-400,66,66,Good Condition,2024-07-17
GRI-000114,GRN-00032,PRD-014,SW-MOD-6A,1278,1278,Good Condition,2024-07-17
GRI-000115,GRN-00033,PRD-025,WIR-FR-600,36,28,Good Condition,2024-07-25
GRI-000116,GRN-00033,PRD-007,LED-PNL-24W,30,24,Good Condition,2024-07-25
GRI-000117,GRN-00034,PRD-031,RCCB-4P-40A,63,63,Good Condition,2024-07-20
GRI-000118,GRN-00034,PRD-014,SW-MOD-6A,613,613,Good Condition,2024-07-20
GRI-000119,GRN-00034,PRD-004,LED-BAT-20W,229,229,Good Condition,2024-07-20
GRI-000120,GRN-00034,PRD-027,MCB-SP-10A,338,338,Good Condition,2024-07-20
GRI-000121,GRN-00035,PRD-017,SOC-MOD-16A,302,302,Good Condition,2024-08-03
GRI-000122,GRN-00035,PRD-006,LED-PNL-15W,136,136,Good Condition,2024-08-03
GRI-000123,GRN-00035,PRD-025,WIR-FR-600,25,25,Good Condition,2024-08-03
GRI-000124,GRN-00036,PRD-014,SW-MOD-6A,764,764,Good Condition,2024-08-23
GRI-000125,GRN-00036,PRD-032,DB-SPN-08W,83,83,Good Condition,2024-08-23
GRI-000126,GRN-00036,PRD-005,LED-BAT-36W,182,182,Good Condition,2024-08-23
GRI-000127,GRN-00037,PRD-038,TST-VOLT-DIG,83,83,Good Condition,2024-08-26
GRI-000128,GRN-00037,PRD-001,LED-BULB-09W,263,263,Good Condition,2024-08-26
GRI-000129,GRN-00038,PRD-038,TST-VOLT-DIG,98,98,Good Condition,2024-08-25
GRI-000130,GRN-00038,PRD-008,LED-FL-50W,85,85,Good Condition,2024-08-25
GRI-000131,GRN-00038,PRD-017,SOC-MOD-16A,236,236,Good Condition,2024-08-25
GRI-000132,GRN-00038,PRD-028,MCB-SP-16A,264,264,Good Condition,2024-08-25
GRI-000133,GRN-00038,PRD-011,FAN-BLDC-1200,72,72,Good Condition,2024-08-25
GRI-000134,GRN-00039,PRD-027,MCB-SP-10A,313,313,Good Condition,2024-09-03
GRI-000135,GRN-00039,PRD-006,LED-PNL-15W,68,68,Good Condition,2024-09-03
GRI-000136,GRN-00039,PRD-002,LED-BULB-12W,264,264,Good Condition,2024-09-03
GRI-000137,GRN-00039,PRD-026,CBL-ARM-4C10,581,581,Good Condition,2024-09-03
GRI-000138,GRN-00039,PRD-011,FAN-BLDC-1200,120,120,Good Condition,2024-09-03
GRI-000139,GRN-00040,PRD-012,FAN-EXH-150,130,130,Good Condition,2024-09-10
GRI-000140,GRN-00040,PRD-038,TST-VOLT-DIG,142,142,Good Condition,2024-09-10
GRI-000141,GRN-00040,PRD-036,TAP-ELEC-BLK,778,778,Good Condition,2024-09-10
GRI-000142,GRN-00040,PRD-023,WIR-FR-250,154,154,Good Condition,2024-09-10
GRI-000143,GRN-00040,PRD-033,DB-TPN-04W,24,24,Good Condition,2024-09-10
GRI-000144,GRN-00041,PRD-037,LUG-COP-16MM,32,32,Good Condition,2024-09-11
GRI-000145,GRN-00041,PRD-033,DB-TPN-04W,20,20,Good Condition,2024-09-11
GRI-000146,GRN-00041,PRD-019,PLT-MOD-4M,406,406,Good Condition,2024-09-11
GRI-000147,GRN-00042,PRD-008,LED-FL-50W,44,44,Good Condition,2024-09-16
GRI-000148,GRN-00042,PRD-010,FAN-CEIL-1200,79,79,Good Condition,2024-09-16
GRI-000149,GRN-00043,PRD-009,INC-BLB-60W,50,50,Good Condition,2024-09-25
GRI-000150,GRN-00043,PRD-027,MCB-SP-10A,117,117,Good Condition,2024-09-25
GRI-000151,GRN-00044,PRD-020,PLT-MOD-8M,215,215,Good Condition,2024-10-04
GRI-000152,GRN-00044,PRD-016,SOC-MOD-6A,217,217,Good Condition,2024-10-04
GRI-000153,GRN-00044,PRD-038,TST-VOLT-DIG,73,73,Good Condition,2024-10-04
GRI-000154,GRN-00044,PRD-019,PLT-MOD-4M,174,174,Good Condition,2024-10-04
GRI-000155,GRN-00044,PRD-028,MCB-SP-16A,214,214,Good Condition,2024-10-04
GRI-000156,GRN-00045,PRD-031,RCCB-4P-40A,73,73,Good Condition,2024-10-09
GRI-000157,GRN-00045,PRD-005,LED-BAT-36W,223,223,Good Condition,2024-10-09
GRI-000158,GRN-00045,PRD-002,LED-BULB-12W,183,183,Good Condition,2024-10-09
GRI-000159,GRN-00045,PRD-006,LED-PNL-15W,295,295,Good Condition,2024-10-09
GRI-000160,GRN-00046,PRD-035,CON-PVC-25MM,926,926,Good Condition,2024-10-12
GRI-000161,GRN-00046,PRD-017,SOC-MOD-16A,120,120,Good Condition,2024-10-12
GRI-000162,GRN-00046,PRD-037,LUG-COP-16MM,70,70,Good Condition,2024-10-12
GRI-000163,GRN-00047,PRD-017,SOC-MOD-16A,297,297,Good Condition,2024-10-22
GRI-000164,GRN-00047,PRD-033,DB-TPN-04W,17,17,Good Condition,2024-10-22
GRI-000165,GRN-00047,PRD-038,TST-VOLT-DIG,55,55,Good Condition,2024-10-22
GRI-000166,GRN-00047,PRD-013,FAN-WALL-400,68,68,Good Condition,2024-10-22
GRI-000167,GRN-00047,PRD-024,WIR-FR-400,62,62,Good Condition,2024-10-22
GRI-000168,GRN-00048,PRD-015,SW-MOD-16A,709,709,Good Condition,2024-10-25
GRI-000169,GRN-00048,PRD-004,LED-BAT-20W,284,284,Good Condition,2024-10-25
GRI-000170,GRN-00048,PRD-032,DB-SPN-08W,77,77,Good Condition,2024-10-25
GRI-000171,GRN-00048,PRD-001,LED-BULB-09W,323,323,Good Condition,2024-10-25
GRI-000172,GRN-00048,PRD-011,FAN-BLDC-1200,32,32,Good Condition,2024-10-25
GRI-000173,GRN-00049,PRD-005,LED-BAT-36W,153,153,Good Condition,2024-10-26
GRI-000174,GRN-00049,PRD-030,MCB-DP-32A,165,165,Good Condition,2024-10-26
GRI-000175,GRN-00049,PRD-028,MCB-SP-16A,238,238,Good Condition,2024-10-26
GRI-000176,GRN-00049,PRD-036,TAP-ELEC-BLK,1918,1918,Good Condition,2024-10-26
GRI-000177,GRN-00050,PRD-012,FAN-EXH-150,43,43,Good Condition,2024-10-29
GRI-000178,GRN-00050,PRD-004,LED-BAT-20W,384,384,Good Condition,2024-10-29
GRI-000179,GRN-00050,PRD-014,SW-MOD-6A,1214,1214,Good Condition,2024-10-29
GRI-000180,GRN-00051,PRD-035,CON-PVC-25MM,258,206,Good Condition,2024-11-06
GRI-000181,GRN-00051,PRD-027,MCB-SP-10A,251,200,Good Condition,2024-11-06
GRI-000182,GRN-00051,PRD-016,SOC-MOD-6A,998,798,Good Condition,2024-11-06
GRI-000183,GRN-00051,PRD-013,FAN-WALL-400,67,53,Good Condition,2024-11-06
GRI-000184,GRN-00052,PRD-024,WIR-FR-400,51,51,Good Condition,2024-11-11
GRI-000185,GRN-00052,PRD-014,SW-MOD-6A,654,654,Good Condition,2024-11-11
GRI-000186,GRN-00052,PRD-017,SOC-MOD-16A,123,123,Good Condition,2024-11-11
GRI-000187,GRN-00053,PRD-031,RCCB-4P-40A,61,61,Good Condition,2024-11-17
GRI-000188,GRN-00053,PRD-032,DB-SPN-08W,81,81,Good Condition,2024-11-17
GRI-000189,GRN-00053,PRD-026,CBL-ARM-4C10,586,586,Good Condition,2024-11-17
GRI-000190,GRN-00054,PRD-015,SW-MOD-16A,677,677,Good Condition,2024-11-13
GRI-000191,GRN-00054,PRD-038,TST-VOLT-DIG,158,158,Good Condition,2024-11-13
GRI-000192,GRN-00054,PRD-028,MCB-SP-16A,487,487,Good Condition,2024-11-13
GRI-000193,GRN-00054,PRD-021,WIR-FR-100,163,163,Good Condition,2024-11-13
GRI-000194,GRN-00054,PRD-012,FAN-EXH-150,81,81,Good Condition,2024-11-13
GRI-000195,GRN-00055,PRD-011,FAN-BLDC-1200,76,76,Good Condition,2024-11-25
GRI-000196,GRN-00055,PRD-010,FAN-CEIL-1200,42,42,Good Condition,2024-11-25
GRI-000197,GRN-00056,PRD-028,MCB-SP-16A,197,197,Good Condition,2024-11-24
GRI-000198,GRN-00056,PRD-010,FAN-CEIL-1200,194,194,Good Condition,2024-11-24
GRI-000199,GRN-00056,PRD-014,SW-MOD-6A,1259,1259,Good Condition,2024-11-24
GRI-000200,GRN-00056,PRD-004,LED-BAT-20W,233,233,Good Condition,2024-11-24
GRI-000201,GRN-00057,PRD-001,LED-BULB-09W,393,393,Good Condition,2024-11-26
GRI-000202,GRN-00057,PRD-014,SW-MOD-6A,1075,1075,Good Condition,2024-11-26
GRI-000203,GRN-00057,PRD-036,TAP-ELEC-BLK,1933,1933,Good Condition,2024-11-26
GRI-000204,GRN-00057,PRD-024,WIR-FR-400,29,29,Good Condition,2024-11-26
GRI-000205,GRN-00057,PRD-004,LED-BAT-20W,251,251,Good Condition,2024-11-26
GRI-000206,GRN-00058,PRD-031,RCCB-4P-40A,73,73,Good Condition,2024-12-05
GRI-000207,GRN-00058,PRD-032,DB-SPN-08W,66,66,Good Condition,2024-12-05
GRI-000208,GRN-00058,PRD-020,PLT-MOD-8M,392,392,Good Condition,2024-12-05
GRI-000209,GRN-00058,PRD-036,TAP-ELEC-BLK,1048,1048,Good Condition,2024-12-05
GRI-000210,GRN-00058,PRD-029,MCB-SP-32A,128,128,Good Condition,2024-12-05
GRI-000211,GRN-00059,PRD-014,SW-MOD-6A,1213,1213,Good Condition,2024-12-10
GRI-000212,GRN-00059,PRD-023,WIR-FR-250,48,48,Good Condition,2024-12-10
GRI-000213,GRN-00059,PRD-024,WIR-FR-400,87,87,Good Condition,2024-12-10
GRI-000214,GRN-00060,PRD-005,LED-BAT-36W,234,234,Good Condition,2024-12-06
GRI-000215,GRN-00060,PRD-008,LED-FL-50W,46,46,Good Condition,2024-12-06
GRI-000216,GRN-00061,PRD-026,CBL-ARM-4C10,484,484,Good Condition,2024-12-07
GRI-000217,GRN-00061,PRD-020,PLT-MOD-8M,287,287,Good Condition,2024-12-07
GRI-000218,GRN-00061,PRD-024,WIR-FR-400,51,51,Good Condition,2024-12-07
GRI-000219,GRN-00062,PRD-031,RCCB-4P-40A,54,54,Good Condition,2024-12-15
GRI-000220,GRN-00062,PRD-010,FAN-CEIL-1200,68,68,Good Condition,2024-12-15
GRI-000221,GRN-00063,PRD-028,MCB-SP-16A,142,113,Good Condition,2024-12-16
GRI-000222,GRN-00063,PRD-016,SOC-MOD-6A,492,393,Good Condition,2024-12-16
GRI-000223,GRN-00063,PRD-033,DB-TPN-04W,19,15,Good Condition,2024-12-16
GRI-000224,GRN-00063,PRD-006,LED-PNL-15W,205,164,Good Condition,2024-12-16
GRI-000225,GRN-00064,PRD-032,DB-SPN-08W,35,35,Good Condition,2024-12-31
GRI-000226,GRN-00064,PRD-030,MCB-DP-32A,156,156,Good Condition,2024-12-31
GRI-000227,GRN-00064,PRD-007,LED-PNL-24W,57,57,Good Condition,2024-12-31
GRI-000228,GRN-00064,PRD-029,MCB-SP-32A,262,262,Good Condition,2024-12-31
GRI-000229,GRN-00065,PRD-017,SOC-MOD-16A,174,174,Good Condition,2024-12-31
GRI-000230,GRN-00065,PRD-022,WIR-FR-150,84,84,Good Condition,2024-12-31
GRI-000231,GRN-00065,PRD-038,TST-VOLT-DIG,112,112,Good Condition,2024-12-31
GRI-000232,GRN-00065,PRD-036,TAP-ELEC-BLK,999,999,Good Condition,2024-12-31
GRI-000233,GRN-00066,PRD-014,SW-MOD-6A,1257,1257,Good Condition,2025-01-08
GRI-000234,GRN-00066,PRD-038,TST-VOLT-DIG,144,144,Good Condition,2025-01-08
GRI-000235,GRN-00066,PRD-003,LED-BULB-18W,176,176,Good Condition,2025-01-08
GRI-000236,GRN-00067,PRD-016,SOC-MOD-6A,278,278,Good Condition,2025-01-03
GRI-000237,GRN-00067,PRD-014,SW-MOD-6A,1262,1262,Good Condition,2025-01-03
GRI-000238,GRN-00067,PRD-028,MCB-SP-16A,414,414,Good Condition,2025-01-03
GRI-000239,GRN-00067,PRD-008,LED-FL-50W,87,87,Good Condition,2025-01-03
GRI-000240,GRN-00067,PRD-017,SOC-MOD-16A,288,288,Good Condition,2025-01-03
GRI-000241,GRN-00068,PRD-038,TST-VOLT-DIG,38,38,Good Condition,2025-01-12
GRI-000242,GRN-00068,PRD-019,PLT-MOD-4M,309,309,Good Condition,2025-01-12
GRI-000243,GRN-00069,PRD-033,DB-TPN-04W,12,12,Good Condition,2025-02-03
GRI-000244,GRN-00069,PRD-011,FAN-BLDC-1200,61,61,Good Condition,2025-02-03
GRI-000245,GRN-00070,PRD-021,WIR-FR-100,82,82,Good Condition,2025-02-02
GRI-000246,GRN-00070,PRD-031,RCCB-4P-40A,63,63,Good Condition,2025-02-02
GRI-000247,GRN-00070,PRD-035,CON-PVC-25MM,570,570,Good Condition,2025-02-02
GRI-000248,GRN-00070,PRD-033,DB-TPN-04W,40,40,Good Condition,2025-02-02
GRI-000249,GRN-00071,PRD-007,LED-PNL-24W,97,97,Good Condition,2025-02-10
GRI-000250,GRN-00071,PRD-010,FAN-CEIL-1200,54,54,Good Condition,2025-02-10
GRI-000251,GRN-00072,PRD-036,TAP-ELEC-BLK,654,654,Good Condition,2025-02-22
GRI-000252,GRN-00072,PRD-018,REG-MOD-FAN,113,113,Good Condition,2025-02-22
GRI-000253,GRN-00072,PRD-010,FAN-CEIL-1200,52,52,Good Condition,2025-02-22
GRI-000254,GRN-00072,PRD-029,MCB-SP-32A,76,76,Good Condition,2025-02-22
GRI-000255,GRN-00073,PRD-006,LED-PNL-15W,70,56,Good Condition,2025-03-03
GRI-000256,GRN-00073,PRD-018,REG-MOD-FAN,177,141,Good Condition,2025-03-03
GRI-000257,GRN-00073,PRD-029,MCB-SP-32A,163,130,Good Condition,2025-03-03
GRI-000258,GRN-00074,PRD-027,MCB-SP-10A,316,316,Good Condition,2025-03-18
GRI-000259,GRN-00074,PRD-017,SOC-MOD-16A,150,150,Good Condition,2025-03-18
GRI-000260,GRN-00074,PRD-010,FAN-CEIL-1200,47,47,Good Condition,2025-03-18
GRI-000261,GRN-00074,PRD-015,SW-MOD-16A,654,654,Good Condition,2025-03-18
GRI-000262,GRN-00075,PRD-027,MCB-SP-10A,300,300,Good Condition,2025-03-22
GRI-000263,GRN-00075,PRD-018,REG-MOD-FAN,248,248,Good Condition,2025-03-22
GRI-000264,GRN-00075,PRD-030,MCB-DP-32A,66,66,Good Condition,2025-03-22
GRI-000265,GRN-00075,PRD-019,PLT-MOD-4M,436,436,Good Condition,2025-03-22
GRI-000266,GRN-00075,PRD-031,RCCB-4P-40A,25,25,Good Condition,2025-03-22
GRI-000267,GRN-00076,PRD-034,EXT-SPIKE-4W,41,41,Good Condition,2025-03-31
GRI-000268,GRN-00076,PRD-032,DB-SPN-08W,53,53,Good Condition,2025-03-31
GRI-000269,GRN-00076,PRD-012,FAN-EXH-150,86,86,Good Condition,2025-03-31
GRI-000270,GRN-00077,PRD-008,LED-FL-50W,53,53,Good Condition,2025-04-14
GRI-000271,GRN-00077,PRD-027,MCB-SP-10A,383,383,Good Condition,2025-04-14
GRI-000272,GRN-00077,PRD-021,WIR-FR-100,158,158,Good Condition,2025-04-14
GRI-000273,GRN-00077,PRD-035,CON-PVC-25MM,687,687,Good Condition,2025-04-14
GRI-000274,GRN-00078,PRD-037,LUG-COP-16MM,115,115,Good Condition,2025-04-15
GRI-000275,GRN-00078,PRD-012,FAN-EXH-150,45,45,Good Condition,2025-04-15
GRI-000276,GRN-00078,PRD-024,WIR-FR-400,41,41,Good Condition,2025-04-15
GRI-000277,GRN-00078,PRD-019,PLT-MOD-4M,211,211,Good Condition,2025-04-15
GRI-000278,GRN-00079,PRD-037,LUG-COP-16MM,110,110,Good Condition,2025-04-23
GRI-000279,GRN-00079,PRD-026,CBL-ARM-4C10,448,448,Good Condition,2025-04-23
GRI-000280,GRN-00079,PRD-003,LED-BULB-18W,275,275,Good Condition,2025-04-23
GRI-000281,GRN-00079,PRD-017,SOC-MOD-16A,138,138,Good Condition,2025-04-23
GRI-000282,GRN-00079,PRD-005,LED-BAT-36W,174,174,Good Condition,2025-04-23
GRI-000283,GRN-00080,PRD-038,TST-VOLT-DIG,66,66,Good Condition,2025-04-20
GRI-000284,GRN-00080,PRD-002,LED-BULB-12W,469,469,Good Condition,2025-04-20
GRI-000285,GRN-00081,PRD-038,TST-VOLT-DIG,35,35,Good Condition,2025-04-22
GRI-000286,GRN-00081,PRD-014,SW-MOD-6A,1318,1318,Good Condition,2025-04-22
GRI-000287,GRN-00081,PRD-025,WIR-FR-600,63,63,Good Condition,2025-04-22
GRI-000288,GRN-00081,PRD-031,RCCB-4P-40A,62,62,Good Condition,2025-04-22
GRI-000289,GRN-00082,PRD-003,LED-BULB-18W,374,374,Good Condition,2025-05-16
GRI-000290,GRN-00082,PRD-006,LED-PNL-15W,268,268,Good Condition,2025-05-16
GRI-000291,GRN-00082,PRD-029,MCB-SP-32A,183,183,Good Condition,2025-05-16
GRI-000292,GRN-00082,PRD-004,LED-BAT-20W,152,152,Good Condition,2025-05-16
GRI-000293,GRN-00082,PRD-038,TST-VOLT-DIG,94,94,Good Condition,2025-05-16
GRI-000294,GRN-00083,PRD-018,REG-MOD-FAN,159,159,Good Condition,2025-05-15
GRI-000295,GRN-00083,PRD-008,LED-FL-50W,20,20,Good Condition,2025-05-15
GRI-000296,GRN-00083,PRD-030,MCB-DP-32A,110,110,Good Condition,2025-05-15
GRI-000297,GRN-00083,PRD-025,WIR-FR-600,55,55,Good Condition,2025-05-15
GRI-000298,GRN-00084,PRD-008,LED-FL-50W,92,92,Good Condition,2025-05-16
GRI-000299,GRN-00084,PRD-011,FAN-BLDC-1200,114,114,Good Condition,2025-05-16
GRI-000300,GRN-00084,PRD-030,MCB-DP-32A,127,127,Good Condition,2025-05-16
GRI-000301,GRN-00084,PRD-024,WIR-FR-400,65,65,Good Condition,2025-05-16
GRI-000302,GRN-00084,PRD-017,SOC-MOD-16A,356,356,Good Condition,2025-05-16
GRI-000303,GRN-00085,PRD-027,MCB-SP-10A,376,376,Good Condition,2025-05-23
GRI-000304,GRN-00085,PRD-038,TST-VOLT-DIG,134,134,Good Condition,2025-05-23
GRI-000305,GRN-00085,PRD-026,CBL-ARM-4C10,267,267,Good Condition,2025-05-23
GRI-000306,GRN-00085,PRD-024,WIR-FR-400,77,77,Good Condition,2025-05-23
GRI-000307,GRN-00085,PRD-025,WIR-FR-600,16,16,Good Condition,2025-05-23
GRI-000308,GRN-00086,PRD-013,FAN-WALL-400,25,25,Good Condition,2025-05-26
GRI-000309,GRN-00086,PRD-021,WIR-FR-100,142,142,Good Condition,2025-05-26
GRI-000310,GRN-00087,PRD-025,WIR-FR-600,16,16,Good Condition,2025-06-05
GRI-000311,GRN-00087,PRD-022,WIR-FR-150,158,158,Good Condition,2025-06-05
GRI-000312,GRN-00088,PRD-010,FAN-CEIL-1200,128,128,Good Condition,2025-06-10
GRI-000313,GRN-00088,PRD-019,PLT-MOD-4M,398,398,Good Condition,2025-06-10
GRI-000314,GRN-00089,PRD-029,MCB-SP-32A,197,197,Good Condition,2025-06-11
GRI-000315,GRN-00089,PRD-007,LED-PNL-24W,43,43,Good Condition,2025-06-11
GRI-000316,GRN-00089,PRD-038,TST-VOLT-DIG,124,124,Good Condition,2025-06-11
GRI-000317,GRN-00089,PRD-022,WIR-FR-150,153,153,Good Condition,2025-06-11
GRI-000318,GRN-00089,PRD-004,LED-BAT-20W,336,336,Good Condition,2025-06-11
GRI-000319,GRN-00090,PRD-013,FAN-WALL-400,28,28,Good Condition,2025-06-14
GRI-000320,GRN-00090,PRD-026,CBL-ARM-4C10,196,196,Good Condition,2025-06-14
GRI-000321,GRN-00090,PRD-022,WIR-FR-150,153,153,Good Condition,2025-06-14
GRI-000322,GRN-00090,PRD-023,WIR-FR-250,117,117,Good Condition,2025-06-14
GRI-000323,GRN-00090,PRD-031,RCCB-4P-40A,68,68,Good Condition,2025-06-14
GRI-000324,GRN-00091,PRD-017,SOC-MOD-16A,247,247,Good Condition,2025-06-24
GRI-000325,GRN-00091,PRD-036,TAP-ELEC-BLK,992,992,Good Condition,2025-06-24
GRI-000326,GRN-00091,PRD-005,LED-BAT-36W,102,102,Good Condition,2025-06-24
GRI-000327,GRN-00092,PRD-029,MCB-SP-32A,201,201,Good Condition,2025-07-07
GRI-000328,GRN-00092,PRD-033,DB-TPN-04W,40,40,Good Condition,2025-07-07
GRI-000329,GRN-00093,PRD-036,TAP-ELEC-BLK,1384,1384,Good Condition,2025-07-07
GRI-000330,GRN-00093,PRD-008,LED-FL-50W,21,21,Good Condition,2025-07-07
GRI-000331,GRN-00093,PRD-001,LED-BULB-09W,261,261,Good Condition,2025-07-07
GRI-000332,GRN-00093,PRD-022,WIR-FR-150,50,50,Good Condition,2025-07-07
GRI-000333,GRN-00094,PRD-016,SOC-MOD-6A,416,416,Good Condition,2025-07-18
GRI-000334,GRN-00094,PRD-027,MCB-SP-10A,367,367,Good Condition,2025-07-18
GRI-000335,GRN-00095,PRD-032,DB-SPN-08W,82,82,Good Condition,2025-07-14
GRI-000336,GRN-00095,PRD-028,MCB-SP-16A,244,244,Good Condition,2025-07-14
GRI-000337,GRN-00095,PRD-001,LED-BULB-09W,273,273,Good Condition,2025-07-14
GRI-000338,GRN-00096,PRD-013,FAN-WALL-400,42,42,Good Condition,2025-07-25
GRI-000339,GRN-00096,PRD-001,LED-BULB-09W,542,542,Good Condition,2025-07-25
GRI-000340,GRN-00096,PRD-029,MCB-SP-32A,97,97,Good Condition,2025-07-25
GRI-000341,GRN-00096,PRD-012,FAN-EXH-150,117,117,Good Condition,2025-07-25
GRI-000342,GRN-00097,PRD-015,SW-MOD-16A,197,197,Good Condition,2025-08-04
GRI-000343,GRN-00097,PRD-004,LED-BAT-20W,90,90,Good Condition,2025-08-04
GRI-000344,GRN-00097,PRD-032,DB-SPN-08W,87,87,Good Condition,2025-08-04
GRI-000345,GRN-00098,PRD-025,WIR-FR-600,15,15,Good Condition,2025-08-11
GRI-000346,GRN-00098,PRD-028,MCB-SP-16A,194,194,Good Condition,2025-08-11
GRI-000347,GRN-00098,PRD-002,LED-BULB-12W,583,583,Good Condition,2025-08-11
GRI-000348,GRN-00098,PRD-033,DB-TPN-04W,16,16,Good Condition,2025-08-11
GRI-000349,GRN-00098,PRD-016,SOC-MOD-6A,922,922,Good Condition,2025-08-11
GRI-000350,GRN-00099,PRD-038,TST-VOLT-DIG,140,140,Good Condition,2025-08-11
GRI-000351,GRN-00099,PRD-016,SOC-MOD-6A,598,598,Good Condition,2025-08-11
GRI-000352,GRN-00100,PRD-029,MCB-SP-32A,275,275,Good Condition,2025-08-21
GRI-000353,GRN-00100,PRD-006,LED-PNL-15W,145,145,Good Condition,2025-08-21
GRI-000354,GRN-00100,PRD-004,LED-BAT-20W,334,334,Good Condition,2025-08-21
GRI-000355,GRN-00100,PRD-016,SOC-MOD-6A,475,475,Good Condition,2025-08-21
GRI-000356,GRN-00100,PRD-025,WIR-FR-600,21,21,Good Condition,2025-08-21
GRI-000357,GRN-00101,PRD-020,PLT-MOD-8M,220,176,Good Condition,2025-08-21
GRI-000358,GRN-00101,PRD-015,SW-MOD-16A,207,165,Good Condition,2025-08-21
GRI-000359,GRN-00101,PRD-018,REG-MOD-FAN,243,194,Good Condition,2025-08-21
GRI-000360,GRN-00102,PRD-019,PLT-MOD-4M,420,336,Good Condition,2025-09-03
GRI-000361,GRN-00102,PRD-022,WIR-FR-150,133,106,Good Condition,2025-09-03
GRI-000362,GRN-00102,PRD-008,LED-FL-50W,69,55,Good Condition,2025-09-03
GRI-000363,GRN-00102,PRD-011,FAN-BLDC-1200,44,35,Good Condition,2025-09-03
GRI-000364,GRN-00103,PRD-030,MCB-DP-32A,87,87,Good Condition,2025-09-10
GRI-000365,GRN-00103,PRD-014,SW-MOD-6A,732,732,Good Condition,2025-09-10
GRI-000366,GRN-00104,PRD-029,MCB-SP-32A,251,251,Good Condition,2025-09-15
GRI-000367,GRN-00104,PRD-003,LED-BULB-18W,381,381,Good Condition,2025-09-15
GRI-000368,GRN-00105,PRD-028,MCB-SP-16A,281,281,Good Condition,2025-09-22
GRI-000369,GRN-00105,PRD-006,LED-PNL-15W,106,106,Good Condition,2025-09-22
GRI-000370,GRN-00105,PRD-034,EXT-SPIKE-4W,127,127,Good Condition,2025-09-22
GRI-000371,GRN-00105,PRD-019,PLT-MOD-4M,346,346,Good Condition,2025-09-22
GRI-000372,GRN-00106,PRD-013,FAN-WALL-400,82,82,Good Condition,2025-09-15
GRI-000373,GRN-00106,PRD-023,WIR-FR-250,78,78,Good Condition,2025-09-15
GRI-000374,GRN-00106,PRD-027,MCB-SP-10A,207,207,Good Condition,2025-09-15
GRI-000375,GRN-00106,PRD-026,CBL-ARM-4C10,129,129,Good Condition,2025-09-15
GRI-000376,GRN-00106,PRD-037,LUG-COP-16MM,73,73,Good Condition,2025-09-15
GRI-000377,GRN-00107,PRD-006,LED-PNL-15W,240,240,Good Condition,2025-09-29
GRI-000378,GRN-00107,PRD-013,FAN-WALL-400,45,45,Good Condition,2025-09-29
GRI-000379,GRN-00107,PRD-032,DB-SPN-08W,50,50,Good Condition,2025-09-29
GRI-000380,GRN-00107,PRD-030,MCB-DP-32A,92,92,Good Condition,2025-09-29
GRI-000381,GRN-00107,PRD-038,TST-VOLT-DIG,91,91,Good Condition,2025-09-29
GRI-000382,GRN-00108,PRD-033,DB-TPN-04W,38,38,Good Condition,2025-09-26
GRI-000383,GRN-00108,PRD-025,WIR-FR-600,43,43,Good Condition,2025-09-26
GRI-000384,GRN-00108,PRD-026,CBL-ARM-4C10,527,527,Good Condition,2025-09-26
GRI-000385,GRN-00108,PRD-024,WIR-FR-400,54,54,Good Condition,2025-09-26
GRI-000386,GRN-00109,PRD-006,LED-PNL-15W,149,149,Good Condition,2025-10-07
GRI-000387,GRN-00109,PRD-032,DB-SPN-08W,48,48,Good Condition,2025-10-07
GRI-000388,GRN-00109,PRD-013,FAN-WALL-400,51,51,Good Condition,2025-10-07
GRI-000389,GRN-00110,PRD-018,REG-MOD-FAN,277,277,Good Condition,2025-09-26
GRI-000390,GRN-00110,PRD-031,RCCB-4P-40A,31,31,Good Condition,2025-09-26
GRI-000391,GRN-00110,PRD-029,MCB-SP-32A,225,225,Good Condition,2025-09-26
GRI-000392,GRN-00110,PRD-023,WIR-FR-250,147,147,Good Condition,2025-09-26
GRI-000393,GRN-00110,PRD-013,FAN-WALL-400,98,98,Good Condition,2025-09-26
GRI-000394,GRN-00111,PRD-018,REG-MOD-FAN,71,71,Good Condition,2025-10-09
GRI-000395,GRN-00111,PRD-010,FAN-CEIL-1200,79,79,Good Condition,2025-10-09
GRI-000396,GRN-00112,PRD-025,WIR-FR-600,74,74,Good Condition,2025-10-07
GRI-000397,GRN-00112,PRD-012,FAN-EXH-150,64,64,Good Condition,2025-10-07
GRI-000398,GRN-00113,PRD-015,SW-MOD-16A,199,199,Good Condition,2025-10-23
GRI-000399,GRN-00113,PRD-028,MCB-SP-16A,290,290,Good Condition,2025-10-23
GRI-000400,GRN-00113,PRD-005,LED-BAT-36W,43,43,Good Condition,2025-10-23
GRI-000401,GRN-00113,PRD-027,MCB-SP-10A,172,172,Good Condition,2025-10-23
GRI-000402,GRN-00114,PRD-030,MCB-DP-32A,44,44,Good Condition,2025-10-20
GRI-000403,GRN-00114,PRD-016,SOC-MOD-6A,835,835,Good Condition,2025-10-20
GRI-000404,GRN-00114,PRD-026,CBL-ARM-4C10,596,596,Good Condition,2025-10-20
GRI-000405,GRN-00115,PRD-031,RCCB-4P-40A,67,67,Good Condition,2025-11-05
GRI-000406,GRN-00115,PRD-008,LED-FL-50W,28,28,Good Condition,2025-11-05
GRI-000407,GRN-00115,PRD-036,TAP-ELEC-BLK,1377,1377,Good Condition,2025-11-05
GRI-000408,GRN-00115,PRD-035,CON-PVC-25MM,372,372,Good Condition,2025-11-05
GRI-000409,GRN-00115,PRD-005,LED-BAT-36W,229,229,Good Condition,2025-11-05
GRI-000410,GRN-00116,PRD-032,DB-SPN-08W,73,58,Good Condition,2025-11-10
GRI-000411,GRN-00116,PRD-025,WIR-FR-600,57,45,Good Condition,2025-11-10
GRI-000412,GRN-00117,PRD-027,MCB-SP-10A,290,290,Good Condition,2025-11-18
GRI-000413,GRN-00117,PRD-023,WIR-FR-250,100,100,Good Condition,2025-11-18
GRI-000414,GRN-00117,PRD-025,WIR-FR-600,70,70,Good Condition,2025-11-18
GRI-000415,GRN-00117,PRD-004,LED-BAT-20W,377,377,Good Condition,2025-11-18
GRI-000416,GRN-00118,PRD-027,MCB-SP-10A,119,119,Good Condition,2025-11-20
GRI-000417,GRN-00118,PRD-013,FAN-WALL-400,79,79,Good Condition,2025-11-20
GRI-000418,GRN-00118,PRD-034,EXT-SPIKE-4W,69,69,Good Condition,2025-11-20
GRI-000419,GRN-00118,PRD-033,DB-TPN-04W,37,37,Good Condition,2025-11-20
GRI-000420,GRN-00118,PRD-007,LED-PNL-24W,124,124,Good Condition,2025-11-20
GRI-000421,GRN-00119,PRD-008,LED-FL-50W,56,56,Good Condition,2025-11-24
GRI-000422,GRN-00119,PRD-006,LED-PNL-15W,278,278,Good Condition,2025-11-24
GRI-000423,GRN-00120,PRD-007,LED-PNL-24W,70,70,Good Condition,2025-11-29
GRI-000424,GRN-00120,PRD-016,SOC-MOD-6A,490,490,Good Condition,2025-11-29
GRI-000425,GRN-00121,PRD-030,MCB-DP-32A,129,129,Good Condition,2025-12-11
GRI-000426,GRN-00121,PRD-025,WIR-FR-600,71,71,Good Condition,2025-12-11
GRI-000427,GRN-00121,PRD-002,LED-BULB-12W,519,519,Good Condition,2025-12-11
GRI-000428,GRN-00122,PRD-024,WIR-FR-400,109,109,Good Condition,2025-12-07
GRI-000429,GRN-00122,PRD-014,SW-MOD-6A,675,675,Good Condition,2025-12-07
GRI-000430,GRN-00122,PRD-023,WIR-FR-250,139,139,Good Condition,2025-12-07
GRI-000431,GRN-00123,PRD-036,TAP-ELEC-BLK,961,961,Good Condition,2025-12-21
GRI-000432,GRN-00123,PRD-028,MCB-SP-16A,454,454,Good Condition,2025-12-21
GRI-000433,GRN-00124,PRD-011,FAN-BLDC-1200,76,76,Good Condition,2025-12-25
GRI-000434,GRN-00124,PRD-021,WIR-FR-100,100,100,Good Condition,2025-12-25
GRI-000435,GRN-00124,PRD-002,LED-BULB-12W,583,583,Good Condition,2025-12-25
GRI-000436,GRN-00125,PRD-035,CON-PVC-25MM,799,799,Good Condition,2025-12-26
GRI-000437,GRN-00125,PRD-024,WIR-FR-400,109,109,Good Condition,2025-12-26
GRI-000438,GRN-00125,PRD-038,TST-VOLT-DIG,70,70,Good Condition,2025-12-26
GRI-000439,GRN-00125,PRD-016,SOC-MOD-6A,347,347,Good Condition,2025-12-26
GRI-000440,GRN-00126,PRD-034,EXT-SPIKE-4W,114,91,Good Condition,2025-12-28
GRI-000441,GRN-00126,PRD-017,SOC-MOD-16A,254,203,Good Condition,2025-12-28
GRI-000442,GRN-00127,PRD-012,FAN-EXH-150,58,58,Good Condition,2025-12-29
GRI-000443,GRN-00127,PRD-015,SW-MOD-16A,586,586,Good Condition,2025-12-29
GRI-000444,GRN-00127,PRD-033,DB-TPN-04W,49,49,Good Condition,2025-12-29
GRI-000445,GRN-00128,PRD-020,PLT-MOD-8M,160,128,Good Condition,2026-01-13
GRI-000446,GRN-00128,PRD-036,TAP-ELEC-BLK,588,470,Good Condition,2026-01-13
GRI-000447,GRN-00128,PRD-021,WIR-FR-100,145,116,Good Condition,2026-01-13
GRI-000448,GRN-00129,PRD-008,LED-FL-50W,50,50,Good Condition,2026-01-13
GRI-000449,GRN-00129,PRD-029,MCB-SP-32A,329,329,Good Condition,2026-01-13
GRI-000450,GRN-00129,PRD-016,SOC-MOD-6A,306,306,Good Condition,2026-01-13
GRI-000451,GRN-00129,PRD-010,FAN-CEIL-1200,90,90,Good Condition,2026-01-13
GRI-000452,GRN-00130,PRD-024,WIR-FR-400,68,54,Good Condition,2026-01-19
GRI-000453,GRN-00130,PRD-032,DB-SPN-08W,76,60,Good Condition,2026-01-19
GRI-000454,GRN-00130,PRD-020,PLT-MOD-8M,361,288,Good Condition,2026-01-19
GRI-000455,GRN-00130,PRD-029,MCB-SP-32A,260,208,Good Condition,2026-01-19
GRI-000456,GRN-00130,PRD-035,CON-PVC-25MM,603,482,Good Condition,2026-01-19
GRI-000457,GRN-00131,PRD-014,SW-MOD-6A,1324,1324,Good Condition,2026-01-19
GRI-000458,GRN-00131,PRD-006,LED-PNL-15W,62,62,Good Condition,2026-01-19
GRI-000459,GRN-00132,PRD-005,LED-BAT-36W,160,160,Good Condition,2026-01-23
GRI-000460,GRN-00132,PRD-008,LED-FL-50W,20,20,Good Condition,2026-01-23
GRI-000461,GRN-00132,PRD-034,EXT-SPIKE-4W,51,51,Good Condition,2026-01-23
GRI-000462,GRN-00133,PRD-030,MCB-DP-32A,102,102,Good Condition,2026-01-31
GRI-000463,GRN-00133,PRD-020,PLT-MOD-8M,186,186,Good Condition,2026-01-31
GRI-000464,GRN-00134,PRD-019,PLT-MOD-4M,160,160,Good Condition,2026-02-01
GRI-000465,GRN-00134,PRD-036,TAP-ELEC-BLK,1481,1481,Good Condition,2026-02-01
GRI-000466,GRN-00134,PRD-016,SOC-MOD-6A,801,801,Good Condition,2026-02-01
GRI-000467,GRN-00134,PRD-025,WIR-FR-600,62,62,Good Condition,2026-02-01
GRI-000468,GRN-00135,PRD-018,REG-MOD-FAN,171,171,Good Condition,2026-02-10
GRI-000469,GRN-00135,PRD-026,CBL-ARM-4C10,500,500,Good Condition,2026-02-10
GRI-000470,GRN-00135,PRD-031,RCCB-4P-40A,17,17,Good Condition,2026-02-10
GRI-000471,GRN-00136,PRD-004,LED-BAT-20W,484,484,Good Condition,2026-02-12
GRI-000472,GRN-00136,PRD-032,DB-SPN-08W,94,94,Good Condition,2026-02-12
GRI-000473,GRN-00136,PRD-005,LED-BAT-36W,61,61,Good Condition,2026-02-12
GRI-000474,GRN-00136,PRD-016,SOC-MOD-6A,476,476,Good Condition,2026-02-12
GRI-000475,GRN-00136,PRD-014,SW-MOD-6A,779,779,Good Condition,2026-02-12
GRI-000476,GRN-00137,PRD-004,LED-BAT-20W,306,306,Good Condition,2026-02-16
GRI-000477,GRN-00137,PRD-013,FAN-WALL-400,92,92,Good Condition,2026-02-16
GRI-000478,GRN-00137,PRD-020,PLT-MOD-8M,394,394,Good Condition,2026-02-16
GRI-000479,GRN-00137,PRD-001,LED-BULB-09W,382,382,Good Condition,2026-02-16
GRI-000480,GRN-00138,PRD-031,RCCB-4P-40A,79,79,Good Condition,2026-02-25
GRI-000481,GRN-00138,PRD-016,SOC-MOD-6A,964,964,Good Condition,2026-02-25
GRI-000482,GRN-00138,PRD-001,LED-BULB-09W,197,197,Good Condition,2026-02-25
GRI-000483,GRN-00138,PRD-007,LED-PNL-24W,156,156,Good Condition,2026-02-25
GRI-000484,GRN-00139,PRD-013,FAN-WALL-400,35,35,Good Condition,2026-03-01
GRI-000485,GRN-00139,PRD-023,WIR-FR-250,85,85,Good Condition,2026-03-01
GRI-000486,GRN-00139,PRD-017,SOC-MOD-16A,573,573,Good Condition,2026-03-01
GRI-000487,GRN-00140,PRD-028,MCB-SP-16A,370,370,Good Condition,2026-03-07
GRI-000488,GRN-00140,PRD-023,WIR-FR-250,182,182,Good Condition,2026-03-07
GRI-000489,GRN-00140,PRD-004,LED-BAT-20W,444,444,Good Condition,2026-03-07
GRI-000490,GRN-00141,PRD-028,MCB-SP-16A,338,338,Good Condition,2026-03-11
GRI-000491,GRN-00141,PRD-038,TST-VOLT-DIG,32,32,Good Condition,2026-03-11
GRI-000492,GRN-00141,PRD-003,LED-BULB-18W,254,254,Good Condition,2026-03-11
GRI-000493,GRN-00142,PRD-011,FAN-BLDC-1200,84,84,Good Condition,2026-03-13
GRI-000494,GRN-00142,PRD-012,FAN-EXH-150,86,86,Good Condition,2026-03-13
GRI-000495,GRN-00142,PRD-024,WIR-FR-400,74,74,Good Condition,2026-03-13
GRI-000496,GRN-00142,PRD-013,FAN-WALL-400,86,86,Good Condition,2026-03-13
GRI-000497,GRN-00143,PRD-006,LED-PNL-15W,137,109,Good Condition,2026-03-17
GRI-000498,GRN-00143,PRD-034,EXT-SPIKE-4W,98,78,Good Condition,2026-03-17
GRI-000499,GRN-00143,PRD-031,RCCB-4P-40A,74,59,Good Condition,2026-03-17
GRI-000500,GRN-00143,PRD-004,LED-BAT-20W,217,173,Good Condition,2026-03-17
GRI-000501,GRN-00143,PRD-008,LED-FL-50W,22,17,Good Condition,2026-03-17
GRI-000502,GRN-00144,PRD-017,SOC-MOD-16A,177,177,Good Condition,2026-03-27
GRI-000503,GRN-00144,PRD-033,DB-TPN-04W,26,26,Good Condition,2026-03-27
GRI-000504,GRN-00144,PRD-015,SW-MOD-16A,795,795,Good Condition,2026-03-27
GRI-000505,GRN-00145,PRD-011,FAN-BLDC-1200,74,74,Good Condition,2026-04-07
GRI-000506,GRN-00145,PRD-004,LED-BAT-20W,432,432,Good Condition,2026-04-07
GRI-000507,GRN-00145,PRD-010,FAN-CEIL-1200,123,123,Good Condition,2026-04-07
GRI-000508,GRN-00145,PRD-029,MCB-SP-32A,142,142,Good Condition,2026-04-07
GRI-000509,GRN-00145,PRD-019,PLT-MOD-4M,400,400,Good Condition,2026-04-07
GRI-000510,GRN-00146,PRD-007,LED-PNL-24W,66,66,Good Condition,2026-04-12
GRI-000511,GRN-00146,PRD-011,FAN-BLDC-1200,72,72,Good Condition,2026-04-12
GRI-000512,GRN-00146,PRD-030,MCB-DP-32A,91,91,Good Condition,2026-04-12
GRI-000513,GRN-00146,PRD-016,SOC-MOD-6A,454,454,Good Condition,2026-04-12
GRI-000514,GRN-00147,PRD-014,SW-MOD-6A,725,725,Good Condition,2026-04-26
GRI-000515,GRN-00147,PRD-012,FAN-EXH-150,92,92,Good Condition,2026-04-26
GRI-000516,GRN-00147,PRD-025,WIR-FR-600,40,40,Good Condition,2026-04-26
GRI-000517,GRN-00148,PRD-016,SOC-MOD-6A,886,886,Good Condition,2026-04-26
GRI-000518,GRN-00148,PRD-034,EXT-SPIKE-4W,142,142,Good Condition,2026-04-26
GRI-000519,GRN-00148,PRD-032,DB-SPN-08W,84,84,Good Condition,2026-04-26
GRI-000520,GRN-00149,PRD-015,SW-MOD-16A,556,444,Good Condition,2026-04-27
GRI-000521,GRN-00149,PRD-012,FAN-EXH-150,104,83,Good Condition,2026-04-27
GRI-000522,GRN-00149,PRD-034,EXT-SPIKE-4W,99,79,Good Condition,2026-04-27
GRI-000523,GRN-00149,PRD-014,SW-MOD-6A,311,248,Good Condition,2026-04-27
GRI-000524,GRN-00150,PRD-038,TST-VOLT-DIG,129,129,Good Condition,2026-05-01
GRI-000525,GRN-00150,PRD-035,CON-PVC-25MM,226,226,Good Condition,2026-05-01
GRI-000526,GRN-00150,PRD-003,LED-BULB-18W,262,262,Good Condition,2026-05-01
GRI-000527,GRN-00150,PRD-020,PLT-MOD-8M,264,264,Good Condition,2026-05-01
GRI-000528,GRN-00151,PRD-011,FAN-BLDC-1200,103,103,Good Condition,2026-05-02
GRI-000529,GRN-00151,PRD-033,DB-TPN-04W,38,38,Good Condition,2026-05-02
GRI-000530,GRN-00151,PRD-004,LED-BAT-20W,401,401,Good Condition,2026-05-02
GRI-000531,GRN-00151,PRD-020,PLT-MOD-8M,198,198,Good Condition,2026-05-02
GRI-000532,GRN-00152,PRD-011,FAN-BLDC-1200,52,52,Good Condition,2026-05-09
GRI-000533,GRN-00152,PRD-007,LED-PNL-24W,133,133,Good Condition,2026-05-09
GRI-000534,GRN-00152,PRD-002,LED-BULB-12W,341,341,Good Condition,2026-05-09
GRI-000535,GRN-00153,PRD-012,FAN-EXH-150,91,91,Good Condition,2026-05-22
GRI-000536,GRN-00153,PRD-011,FAN-BLDC-1200,29,29,Good Condition,2026-05-22
GRI-000537,GRN-00153,PRD-030,MCB-DP-32A,81,81,Good Condition,2026-05-22
GRI-000538,GRN-00154,PRD-031,RCCB-4P-40A,50,50,Good Condition,2026-05-25
GRI-000539,GRN-00154,PRD-001,LED-BULB-09W,409,409,Good Condition,2026-05-25
GRI-000540,GRN-00154,PRD-034,EXT-SPIKE-4W,105,105,Good Condition,2026-05-25
GRI-000541,GRN-00154,PRD-019,PLT-MOD-4M,261,261,Good Condition,2026-05-25
GRI-000542,GRN-00155,PRD-001,LED-BULB-09W,489,489,Good Condition,2026-05-23
GRI-000543,GRN-00155,PRD-027,MCB-SP-10A,339,339,Good Condition,2026-05-23
GRI-000544,GRN-00155,PRD-034,EXT-SPIKE-4W,194,194,Good Condition,2026-05-23
GRI-000545,GRN-00155,PRD-035,CON-PVC-25MM,823,823,Good Condition,2026-05-23
GRI-000546,GRN-00155,PRD-038,TST-VOLT-DIG,91,91,Good Condition,2026-05-23
GRI-000547,GRN-00156,PRD-015,SW-MOD-16A,708,708,Good Condition,2026-06-04
GRI-000548,GRN-00156,PRD-020,PLT-MOD-8M,127,127,Good Condition,2026-06-04
GRI-000549,GRN-00156,PRD-003,LED-BULB-18W,204,204,Good Condition,2026-06-04
GRI-000550,GRN-00156,PRD-006,LED-PNL-15W,194,194,Good Condition,2026-06-04
GRI-000551,GRN-00156,PRD-033,DB-TPN-04W,38,38,Good Condition,2026-06-04
GRI-000552,GRN-00157,PRD-033,DB-TPN-04W,12,12,Good Condition,2026-06-10
GRI-000553,GRN-00157,PRD-016,SOC-MOD-6A,376,376,Good Condition,2026-06-10
GRI-000554,GRN-00157,PRD-022,WIR-FR-150,85,85,Good Condition,2026-06-10
GRI-000555,GRN-00158,PRD-012,FAN-EXH-150,63,63,Good Condition,2026-06-10
GRI-000556,GRN-00158,PRD-023,WIR-FR-250,177,177,Good Condition,2026-06-10
GRI-000557,GRN-00158,PRD-036,TAP-ELEC-BLK,535,535,Good Condition,2026-06-10
GRI-000558,GRN-00159,PRD-032,DB-SPN-08W,81,81,Good Condition,2026-07-06
GRI-000559,GRN-00159,PRD-030,MCB-DP-32A,116,116,Good Condition,2026-07-06
GRI-000560,GRN-00159,PRD-027,MCB-SP-10A,181,181,Good Condition,2026-07-06
GRI-000561,GRN-00160,PRD-017,SOC-MOD-16A,278,278,Good Condition,2026-07-14
GRI-000562,GRN-00160,PRD-034,EXT-SPIKE-4W,55,55,Good Condition,2026-07-14
GRI-000563,GRN-00160,PRD-036,TAP-ELEC-BLK,1467,1467,Good Condition,2026-07-14
GRI-000564,GRN-00161,PRD-004,LED-BAT-20W,367,367,Good Condition,2026-07-22
GRI-000565,GRN-00161,PRD-007,LED-PNL-24W,154,154,Good Condition,2026-07-22
GRI-000566,GRN-00161,PRD-036,TAP-ELEC-BLK,424,424,Good Condition,2026-07-22
GRI-000567,GRN-00162,PRD-001,LED-BULB-09W,645,645,Good Condition,2026-07-29
GRI-000568,GRN-00162,PRD-007,LED-PNL-24W,55,55,Good Condition,2026-07-29
GRI-000569,GRN-00162,PRD-018,REG-MOD-FAN,292,292,Good Condition,2026-07-29
GRI-000570,GRN-00162,PRD-033,DB-TPN-04W,33,33,Good Condition,2026-07-29
GRI-000571,GRN-00162,PRD-030,MCB-DP-32A,169,169,Good Condition,2026-07-29
GRI-000572,GRN-00163,PRD-030,MCB-DP-32A,113,113,Good Condition,2026-08-02
GRI-000573,GRN-00163,PRD-012,FAN-EXH-150,129,129,Good Condition,2026-08-02
GRI-000574,GRN-00163,PRD-021,WIR-FR-100,131,131,Good Condition,2026-08-02
GRI-000575,GRN-00164,PRD-027,MCB-SP-10A,322,322,Good Condition,2026-08-09
GRI-000576,GRN-00164,PRD-004,LED-BAT-20W,108,108,Good Condition,2026-08-09
GRI-000577,GRN-00164,PRD-012,FAN-EXH-150,55,55,Good Condition,2026-08-09
GRI-000578,GRN-00164,PRD-031,RCCB-4P-40A,46,46,Good Condition,2026-08-09
GRI-000579,GRN-00164,PRD-034,EXT-SPIKE-4W,74,74,Good Condition,2026-08-09
GRI-000580,GRN-00165,PRD-011,FAN-BLDC-1200,100,100,Good Condition,2026-08-15
GRI-000581,GRN-00165,PRD-033,DB-TPN-04W,25,25,Good Condition,2026-08-15
GRI-000582,GRN-00166,PRD-032,DB-SPN-08W,28,28,Good Condition,2026-08-18
GRI-000583,GRN-00166,PRD-018,REG-MOD-FAN,170,170,Good Condition,2026-08-18
GRI-000584,GRN-00166,PRD-025,WIR-FR-600,33,33,Good Condition,2026-08-18
GRI-000585,GRN-00166,PRD-001,LED-BULB-09W,388,388,Good Condition,2026-08-18
GRI-000586,GRN-00166,PRD-031,RCCB-4P-40A,34,34,Good Condition,2026-08-18
GRI-000587,GRN-00167,PRD-022,WIR-FR-150,150,150,Good Condition,2026-08-26
GRI-000588,GRN-00167,PRD-013,FAN-WALL-400,44,44,Good Condition,2026-08-26
GRI-000589,GRN-00167,PRD-009,INC-BLB-60W,50,50,Good Condition,2026-08-26
GRI-000590,GRN-00167,PRD-016,SOC-MOD-6A,880,880,Good Condition,2026-08-26
GRI-000591,GRN-00167,PRD-036,TAP-ELEC-BLK,1610,1610,Good Condition,2026-08-26
GRI-000592,GRN-00168,PRD-023,WIR-FR-250,147,117,Good Condition,2026-08-23
GRI-000593,GRN-00168,PRD-030,MCB-DP-32A,73,58,Good Condition,2026-08-23
GRI-000594,GRN-00169,PRD-013,FAN-WALL-400,37,37,Good Condition,2026-09-01
GRI-000595,GRN-00169,PRD-031,RCCB-4P-40A,22,22,Good Condition,2026-09-01
GRI-000596,GRN-00170,PRD-011,FAN-BLDC-1200,39,39,Good Condition,2026-09-11
GRI-000597,GRN-00170,PRD-007,LED-PNL-24W,126,126,Good Condition,2026-09-11
GRI-000598,GRN-00170,PRD-035,CON-PVC-25MM,684,684,Good Condition,2026-09-11
GRI-000599,GRN-00171,PRD-028,MCB-SP-16A,341,341,Good Condition,2026-09-18
GRI-000600,GRN-00171,PRD-022,WIR-FR-150,87,87,Good Condition,2026-09-18
GRI-000601,GRN-00172,PRD-022,WIR-FR-150,53,53,Good Condition,2026-09-17
GRI-000602,GRN-00172,PRD-015,SW-MOD-16A,713,713,Good Condition,2026-09-17
GRI-000603,GRN-00173,PRD-008,LED-FL-50W,76,60,Good Condition,2026-09-27
GRI-000604,GRN-00173,PRD-002,LED-BULB-12W,565,452,Good Condition,2026-09-27
