po_item_id,po_id,product_id,sku,product_name,quantity_ordered,unit_cost,line_total,expected_date
POI-000001,PO-00001,PRD-015,SW-MOD-16A,MaxVolt Alpha 16A Power Switch,296,42.0,12432.0,2024-01-16
POI-000002,PO-00001,PRD-033,DB-TPN-04W,ElectroSafe 4-Way TPN Vertical Phase DB,26,1650.0,42900.0,2024-01-16
POI-000003,PO-00001,PRD-027,MCB-SP-10A,ElectroSafe 10A Single Pole C-Curve MCB,151,82.0,12382.0,2024-01-16
POI-000004,PO-00001,PRD-031,RCCB-4P-40A,ElectroSafe 40A 4-Pole 30mA Earth Leakage RCCB,46,1250.0,57500.0,2024-01-16
POI-000005,PO-00002,PRD-036,TAP-ELEC-BLK,Vardhman Heavy Duty Insulation Tape Roll Black,1831,7.5,13732.5,2024-01-06
POI-000006,PO-00002,PRD-004,LED-BAT-20W,Lumina Slimline 20W LED Batten Tube Light,240,145.0,34800.0,2024-01-06
POI-000007,PO-00003,PRD-027,MCB-SP-10A,ElectroSafe 10A Single Pole C-Curve MCB,234,82.0,19188.0,2024-01-14
POI-000008,PO-00003,PRD-014,SW-MOD-6A,MaxVolt Alpha 6A 1-Way Modular Switch,1529,18.0,27522.0,2024-01-14
POI-000009,PO-00003,PRD-005,LED-BAT-36W,Lumina Commercial 36W LED Batten Light,70,280.0,19600.0,2024-01-14
POI-000010,PO-00003,PRD-017,SOC-MOD-16A,MaxVolt 6/16A Universal Power Socket,527,65.0,34255.0,2024-01-14
POI-000011,PO-00003,PRD-007,LED-PNL-24W,EcoGlow 24W 2x2 Square Ceiling Panel,40,520.0,20800.0,2024-01-14
POI-000012,PO-00004,PRD-019,PLT-MOD-4M,MaxVolt 4-Module Sleek White Faceplate,340,48.0,16320.0,2024-01-16
POI-000013,PO-00004,PRD-013,FAN-WALL-400,Zephyr High Airflow 400mm Wall Fan,64,1480.0,94720.0,2024-01-16
POI-000014,PO-00004,PRD-029,MCB-SP-32A,ElectroSafe 32A Single Pole Heavy Duty MCB,279,95.0,26505.0,2024-01-16
POI-000015,PO-00004,PRD-033,DB-TPN-04W,ElectroSafe 4-Way TPN Vertical Phase DB,31,1650.0,51150.0,2024-01-16
POI-000016,PO-00004,PRD-006,LED-PNL-15W,EcoGlow 15W Slim Round Downlight Panel,132,160.0,21120.0,2024-01-16
POI-000017,PO-00005,PRD-007,LED-PNL-24W,EcoGlow 24W 2x2 Square Ceiling Panel,45,520.0,23400.0,2024-01-22
POI-000018,PO-00005,PRD-024,WIR-FR-400,Orbit HeavyDuty 4.0 sq mm Copper Wire (90m),75,3100.0,232500.0,2024-01-22
POI-000019,PO-00005,PRD-035,CON-PVC-25MM,Kiran Rigid PVC 25mm Electrical Conduit Pipe (3m),482,38.0,18316.0,2024-01-22
POI-000020,PO-00005,PRD-023,WIR-FR-250,Orbit FlexiSafe 2.5 sq mm Copper Wire (90m),93,1950.0,181350.0,2024-01-22
POI-000021,PO-00006,PRD-033,DB-TPN-04W,ElectroSafe 4-Way TPN Vertical Phase DB,24,1650.0,39600.0,2024-01-26
POI-000022,PO-00006,PRD-035,CON-PVC-25MM,Kiran Rigid PVC 25mm Electrical Conduit Pipe (3m),604,38.0,22952.0,2024-01-26
POI-000023,PO-00006,PRD-021,WIR-FR-100,Orbit FlexiSafe 1.0 sq mm Copper Wire (90m),193,880.0,169840.0,2024-01-26
POI-000024,PO-00006,PRD-003,LED-BULB-18W,Lumina Ultra Bright 18W LED Bulb,88,95.0,8360.0,2024-01-26
POI-000025,PO-00007,PRD-026,CBL-ARM-4C10,Orbit Armoured 4-Core 10 sq mm Underground Cable,122,185.0,22570.0,2024-01-27
POI-000026,PO-00007,PRD-032,DB-SPN-08W,ElectroSafe 8-Way SPN Metal Enclosure Distribution Board,69,450.0,31050.0,2024-01-27
POI-000027,PO-00008,PRD-028,MCB-SP-16A,ElectroSafe 16A Single Pole C-Curve MCB,487,85.0,41395.0,2024-02-01
POI-000028,PO-00008,PRD-032,DB-SPN-08W,ElectroSafe 8-Way SPN Metal Enclosure Distribution Board,56,450.0,25200.0,2024-02-01
POI-000029,PO-00008,PRD-014,SW-MOD-6A,MaxVolt Alpha 6A 1-Way Modular Switch,957,18.0,17226.0,2024-02-01
POI-000030,PO-00009,PRD-011,FAN-BLDC-1200,Zephyr Smart Eco BLDC 1200mm 28W Fan,63,2200.0,138600.0,2024-02-06
POI-000031,PO-00009,PRD-035,CON-PVC-25MM,Kiran Rigid PVC 25mm Electrical Conduit Pipe (3m),481,38.0,18278.0,2024-02-06
POI-000032,PO-00009,PRD-016,SOC-MOD-6A,MaxVolt 3-Pin 6A Shuttered Safety Socket,262,36.0,9432.0,2024-02-06
POI-000033,PO-00009,PRD-028,MCB-SP-16A,ElectroSafe 16A Single Pole C-Curve MCB,385,85.0,32725.0,2024-02-06
POI-000034,PO-00010,PRD-017,SOC-MOD-16A,MaxVolt 6/16A Universal Power Socket,354,65.0,23010.0,2024-02-11
POI-000035,PO-00010,PRD-016,SOC-MOD-6A,MaxVolt 3-Pin 6A Shuttered Safety Socket,309,36.0,11124.0,2024-02-11
POI-000036,PO-00010,PRD-032,DB-SPN-08W,ElectroSafe 8-Way SPN Metal Enclosure Distribution Board,37,450.0,16650.0,2024-02-11
POI-000037,PO-00010,PRD-013,FAN-WALL-400,Zephyr High Airflow 400mm Wall Fan,58,1480.0,85840.0,2024-02-11
POI-000038,PO-00011,PRD-026,CBL-ARM-4C10,Orbit Armoured 4-Core 10 sq mm Underground Cable,395,185.0,73075.0,2024-02-21
POI-000039,PO-00011,PRD-001,LED-BULB-09W,EcoGlow LED Bulb 9W Cool Day White,254,42.0,10668.0,2024-02-21
POI-000040,PO-00011,PRD-015,SW-MOD-16A,MaxVolt Alpha 16A Power Switch,699,42.0,29358.0,2024-02-21
POI-000041,PO-00011,PRD-019,PLT-MOD-4M,MaxVolt 4-Module Sleek White Faceplate,195,48.0,9360.0,2024-02-21
POI-000042,PO-00011,PRD-005,LED-BAT-36W,Lumina Commercial 36W LED Batten Light,133,280.0,37240.0,2024-02-21
POI-000043,PO-00012,PRD-020,PLT-MOD-8M,MaxVolt 8-Module Double Row Faceplate,256,85.0,21760.0,2024-02-26
POI-000044,PO-00012,PRD-036,TAP-ELEC-BLK,Vardhman Heavy Duty Insulation Tape Roll Black,1141,7.5,8557.5,2024-02-26
POI-000045,PO-00013,PRD-012,FAN-EXH-150,Zephyr FreshAir 150mm Kitchen Exhaust Fan,42,620.0,26040.0,2024-03-01
POI-000046,PO-00013,PRD-037,LUG-COP-16MM,Vardhman Tinned Copper Cable Lugs 16mm (Pack 50),85,140.0,11900.0,2024-03-01
POI-000047,PO-00013,PRD-013,FAN-WALL-400,Zephyr High Airflow 400mm Wall Fan,36,1480.0,53280.0,2024-03-01
POI-000048,PO-00013,PRD-020,PLT-MOD-8M,MaxVolt 8-Module Double Row Faceplate,212,85.0,18020.0,2024-03-01
POI-000049,PO-00014,PRD-016,SOC-MOD-6A,MaxVolt 3-Pin 6A Shuttered Safety Socket,788,36.0,28368.0,2024-03-11
POI-000050,PO-00014,PRD-014,SW-MOD-6A,MaxVolt Alpha 6A 1-Way Modular Switch,309,18.0,5562.0,2024-03-11
POI-000051,PO-00014,PRD-031,RCCB-4P-40A,ElectroSafe 40A 4-Pole 30mA Earth Leakage RCCB,48,1250.0,60000.0,2024-03-11
POI-000052,PO-00014,PRD-027,MCB-SP-10A,ElectroSafe 10A Single Pole C-Curve MCB,169,82.0,13858.0,2024-03-11
POI-000053,PO-00015,PRD-007,LED-PNL-24W,EcoGlow 24W 2x2 Square Ceiling Panel,140,520.0,72800.0,2024-03-13
POI-000054,PO-00015,PRD-019,PLT-MOD-4M,MaxVolt 4-Module Sleek White Faceplate,295,48.0,14160.0,2024-03-13
POI-000055,PO-00015,PRD-017,SOC-MOD-16A,MaxVolt 6/16A Universal Power Socket,220,65.0,14300.0,2024-03-13
POI-000056,PO-00016,PRD-016,SOC-MOD-6A,MaxVolt 3-Pin 6A Shuttered Safety Socket,849,36.0,30564.0,2024-03-25
POI-000057,PO-00016,PRD-001,LED-BULB-09W,EcoGlow LED Bulb 9W Cool Day White,797,42.0,33474.0,2024-03-25
POI-000058,PO-00017,PRD-025,WIR-FR-600,Orbit MainLine 6.0 sq mm Copper Wire (90m),40,4600.0,184000.0,2024-03-23
POI-000059,PO-00017,PRD-003,LED-BULB-18W,Lumina Ultra Bright 18W LED Bulb,107,95.0,10165.0,2024-03-23
POI-000060,PO-00018,PRD-003,LED-BULB-18W,Lumina Ultra Bright 18W LED Bulb,193,95.0,18335.0,2024-03-29
POI-000061,PO-00018,PRD-021,WIR-FR-100,Orbit FlexiSafe 1.0 sq mm Copper Wire (90m),55,880.0,48400.0,2024-03-29
POI-000062,PO-00018,PRD-038,TST-VOLT-DIG,MaxVolt Digital AC Voltage & Continuity Tester Pen,151,90.0,13590.0,2024-03-29
POI-000063,PO-00019,PRD-011,FAN-BLDC-1200,Zephyr Smart Eco BLDC 1200mm 28W Fan,65,2200.0,143000.0,2024-04-23
POI-000064,PO-00019,PRD-017,SOC-MOD-16A,MaxVolt 6/16A Universal Power Socket,560,65.0,36400.0,2024-04-23
POI-000065,PO-00019,PRD-021,WIR-FR-100,Orbit FlexiSafe 1.0 sq mm Copper Wire (90m),56,880.0,49280.0,2024-04-23
POI-000066,PO-00019,PRD-029,MCB-SP-32A,ElectroSafe 32A Single Pole Heavy Duty MCB,174,95.0,16530.0,2024-04-23
POI-000067,PO-00019,PRD-028,MCB-SP-16A,ElectroSafe 16A Single Pole C-Curve MCB,311,85.0,26435.0,2024-04-23
POI-000068,PO-00020,PRD-006,LED-PNL-15W,EcoGlow 15W Slim Round Downlight Panel,274,160.0,43840.0,2024-04-23
POI-000069,PO-00020,PRD-028,MCB-SP-16A,ElectroSafe 16A Single Pole C-Curve MCB,460,85.0,39100.0,2024-04-23
POI-000070,PO-00021,PRD-004,LED-BAT-20W,Lumina Slimline 20W LED Batten Tube Light,499,145.0,72355.0,2024-04-26
POI-000071,PO-00021,PRD-021,WIR-FR-100,Orbit FlexiSafe 1.0 sq mm Copper Wire (90m),165,880.0,145200.0,2024-04-26
POI-000072,PO-00021,PRD-020,PLT-MOD-8M,MaxVolt 8-Module Double Row Faceplate,81,85.0,6885.0,2024-04-26
POI-000073,PO-00021,PRD-015,SW-MOD-16A,MaxVolt Alpha 16A Power Switch,275,42.0,11550.0,2024-04-26
POI-000074,PO-00021,PRD-013,FAN-WALL-400,Zephyr High Airflow 400mm Wall Fan,90,1480.0,133200.0,2024-04-26
POI-000075,PO-00022,PRD-019,PLT-MOD-4M,MaxVolt 4-Module Sleek White Faceplate,466,48.0,22368.0,2024-05-15
POI-000076,PO-00022,PRD-025,WIR-FR-600,Orbit MainLine 6.0 sq mm Copper Wire (90m),41,4600.0,188600.0,2024-05-15
POI-000077,PO-00022,PRD-004,LED-BAT-20W,Lumina Slimline 20W LED Batten Tube Light,455,145.0,65975.0,2024-05-15
POI-000078,PO-00022,PRD-022,WIR-FR-150,Orbit FlexiSafe 1.5 sq mm Copper Wire (90m),107,1250.0,133750.0,2024-05-15
POI-000079,PO-00022,PRD-010,FAN-CEIL-1200,Zephyr Breeze 1200mm High Speed Ceiling Fan,53,1350.0,71550.0,2024-05-15
POI-000080,PO-00023,PRD-037,LUG-COP-16MM,Vardhman Tinned Copper Cable Lugs 16mm (Pack 50),118,140.0,16520.0,2024-05-26
POI-000081,PO-00023,PRD-028,MCB-SP-16A,ElectroSafe 16A Single Pole C-Curve MCB,242,85.0,20570.0,2024-05-26
POI-000082,PO-00024,PRD-027,MCB-SP-10A,ElectroSafe 10A Single Pole C-Curve MCB,310,82.0,25420.0,2024-06-04
POI-000083,PO-00024,PRD-025,WIR-FR-600,Orbit MainLine 6.0 sq mm Copper Wire (90m),35,4600.0,161000.0,2024-06-04
POI-000084,PO-00024,PRD-021,WIR-FR-100,Orbit FlexiSafe 1.0 sq mm Copper Wire (90m),86,880.0,75680.0,2024-06-04
POI-000085,PO-00025,PRD-035,CON-PVC-25MM,Kiran Rigid PVC 25mm Electrical Conduit Pipe (3m),897,38.0,34086.0,2024-06-13
POI-000086,PO-00025,PRD-033,DB-TPN-04W,ElectroSafe 4-Way TPN Vertical Phase DB,13,1650.0,21450.0,2024-06-13
POI-000087,PO-00025,PRD-029,MCB-SP-32A,ElectroSafe 32A Single Pole Heavy Duty MCB,197,95.0,18715.0,2024-06-13
POI-000088,PO-00025,PRD-007,LED-PNL-24W,EcoGlow 24W 2x2 Square Ceiling Panel,58,520.0,30160.0,2024-06-13
POI-000089,PO-00026,PRD-010,FAN-CEIL-1200,Zephyr Breeze 1200mm High Speed Ceiling Fan,183,1350.0,247050.0,2024-06-09
POI-000090,PO-00026,PRD-024,WIR-FR-400,Orbit HeavyDuty 4.0 sq mm Copper Wire (90m),44,3100.0,136400.0,2024-06-09
POI-000091,PO-00026,PRD-020,PLT-MOD-8M,MaxVolt 8-Module Double Row Faceplate,124,85.0,10540.0,2024-06-09
POI-000092,PO-00026,PRD-034,EXT-SPIKE-4W,Vardhman 4-Socket 2M Surge Protector Spike Strip,109,210.0,22890.0,2024-06-09
POI-000093,PO-00027,PRD-020,PLT-MOD-8M,MaxVolt 8-Module Double Row Faceplate,325,85.0,27625.0,2024-06-21
POI-000094,PO-00027,PRD-010,FAN-CEIL-1200,Zephyr Breeze 1200mm High Speed Ceiling Fan,71,1350.0,95850.0,2024-06-21
POI-000095,PO-00027,PRD-027,MCB-SP-10A,ElectroSafe 10A Single Pole C-Curve MCB,119,82.0,9758.0,2024-06-21
POI-000096,PO-00028,PRD-019,PLT-MOD-4M,MaxVolt 4-Module Sleek White Faceplate,131,48.0,6288.0,2024-06-30
POI-000097,PO-00028,PRD-034,EXT-SPIKE-4W,Vardhman 4-Socket 2M Surge Protector Spike Strip,183,210.0,38430.0,2024-06-30
POI-000098,PO-00028,PRD-015,SW-MOD-16A,MaxVolt Alpha 16A Power Switch,480,42.0,20160.0,2024-06-30
POI-000099,PO-00028,PRD-028,MCB-SP-16A,ElectroSafe 16A Single Pole C-Curve MCB,233,85.0,19805.0,2024-06-30
POI-000100,PO-00029,PRD-032,DB-SPN-08W,ElectroSafe 8-Way SPN Metal Enclosure Distribution Board,55,450.0,24750.0,2024-06-26
POI-000101,PO-00029,PRD-027,MCB-SP-10A,ElectroSafe 10A Single Pole C-Curve MCB,400,82.0,32800.0,2024-06-26
POI-000102,PO-00029,PRD-003,LED-BULB-18W,Lumina Ultra Bright 18W LED Bulb,89,95.0,8455.0,2024-06-26
POI-000103,PO-00029,PRD-018,REG-MOD-FAN,MaxVolt 4-Step Capacitive Fan Regulator,206,140.0,28840.0,2024-06-26
POI-000104,PO-00030,PRD-007,LED-PNL-24W,EcoGlow 24W 2x2 Square Ceiling Panel,97,520.0,50440.0,2024-07-10
POI-000105,PO-00030,PRD-010,FAN-CEIL-1200,Zephyr Breeze 1200mm High Speed Ceiling Fan,188,1350.0,253800.0,2024-07-10
POI-000106,PO-00031,PRD-014,SW-MOD-6A,MaxVolt Alpha 6A 1-Way Modular Switch,1531,18.0,27558.0,2024-07-12
POI-000107,PO-00031,PRD-031,RCCB-4P-40A,ElectroSafe 40A 4-Pole 30mA Earth Leakage RCCB,49,1250.0,61250.0,2024-07-12
POI-000108,PO-00031,PRD-001,LED-BULB-09W,EcoGlow LED Bulb 9W Cool Day White,654,42.0,27468.0,2024-07-12
POI-000109,PO-00031,PRD-018,REG-MOD-FAN,MaxVolt 4-Step Capacitive Fan Regulator,221,140.0,30940.0,2024-07-12
POI-000110,PO-00031,PRD-028,MCB-SP-16A,ElectroSafe 16A Single Pole C-Curve MCB,190,85.0,16150.0,2024-07-12
POI-000111,PO-00032,PRD-021,WIR-FR-100,Orbit FlexiSafe 1.0 sq mm Copper Wire (90m),63,880.0,55440.0,2024-07-18
POI-000112,PO-00032,PRD-027,MCB-SP-10A,ElectroSafe 10A Single Pole C-Curve MCB,339,82.0,27798.0,2024-07-18
POI-000113,PO-00032,PRD-013,FAN-WALL-400,Zephyr High Airflow 400mm Wall Fan,66,1480.0,97680.0,2024-07-18
POI-000114,PO-00032,PRD-014,SW-MOD-6A,MaxVolt Alpha 6A 1-Way Modular Switch,1278,18.0,23004.0,2024-07-18
POI-000115,PO-00033,PRD-025,WIR-FR-600,Orbit MainLine 6.0 sq mm Copper Wire (90m),36,4600.0,165600.0,2024-07-23
POI-000116,PO-00033,PRD-007,LED-PNL-24W,EcoGlow 24W 2x2 Square Ceiling Panel,30,520.0,15600.0,2024-07-23
POI-000117,PO-00034,PRD-031,RCCB-4P-40A,ElectroSafe 40A 4-Pole 30mA Earth Leakage RCCB,63,1250.0,78750.0,2024-07-20
POI-000118,PO-00034,PRD-014,SW-MOD-6A,MaxVolt Alpha 6A 1-Way Modular Switch,613,18.0,11034.0,2024-07-20
POI-000119,PO-00034,PRD-004,LED-BAT-20W,Lumina Slimline 20W LED Batten Tube Light,229,145.0,33205.0,2024-07-20
POI-000120,PO-00034,PRD-027,MCB-SP-10A,ElectroSafe 10A Single Pole C-Curve MCB,338,82.0,27716.0,2024-07-20
POI-000121,PO-00035,PRD-017,SOC-MOD-16A,MaxVolt 6/16A Universal Power Socket,302,65.0,19630.0,2024-08-04
POI-000122,PO-00035,PRD-006,LED-PNL-15W,EcoGlow 15W Slim Round Downlight Panel,136,160.0,21760.0,2024-08-04
POI-000123,PO-00035,PRD-025,WIR-FR-600,Orbit MainLine 6.0 sq mm Copper Wire (90m),25,4600.0,115000.0,2024-08-04
POI-000124,PO-00036,PRD-014,SW-MOD-6A,MaxVolt Alpha 6A 1-Way Modular Switch,764,18.0,13752.0,2024-08-22
POI-000125,PO-00036,PRD-032,DB-SPN-08W,ElectroSafe 8-Way SPN Metal Enclosure Distribution Board,83,450.0,37350.0,2024-08-22
POI-000126,PO-00036,PRD-005,LED-BAT-36W,Lumina Commercial 36W LED Batten Light,182,280.0,50960.0,2024-08-22
POI-000127,PO-00037,PRD-038,TST-VOLT-DIG,MaxVolt Digital AC Voltage & Continuity Tester Pen,83,90.0,7470.0,2024-08-27
POI-000128,PO-00037,PRD-001,LED-BULB-09W,EcoGlow LED Bulb 9W Cool Day White,263,42.0,11046.0,2024-08-27
POI-000129,PO-00038,PRD-038,TST-VOLT-DIG,MaxVolt Digital AC Voltage & Continuity Tester Pen,98,90.0,8820.0,2024-08-25
POI-000130,PO-00038,PRD-008,LED-FL-50W,Lumina Outdoor 50W Waterproof Flood Light,85,650.0,55250.0,2024-08-25
POI-000131,PO-00038,PRD-017,SOC-MOD-16A,MaxVolt 6/16A Universal Power Socket,236,65.0,15340.0,2024-08-25
POI-000132,PO-00038,PRD-028,MCB-SP-16A,ElectroSafe 16A Single Pole C-Curve MCB,264,85.0,22440.0,2024-08-25
POI-000133,PO-00038,PRD-011,FAN-BLDC-1200,Zephyr Smart Eco BLDC 1200mm 28W Fan,72,2200.0,158400.0,2024-08-25
POI-000134,PO-00039,PRD-027,MCB-SP-10A,ElectroSafe 10A Single Pole C-Curve MCB,313,82.0,25666.0,2024-09-03
POI-000135,PO-00039,PRD-006,LED-PNL-15W,EcoGlow 15W Slim Round Downlight Panel,68,160.0,10880.0,2024-09-03
POI-000136,PO-00039,PRD-002,LED-BULB-12W,EcoGlow LED Bulb 12W Cool Day White,264,58.0,15312.0,2024-09-03
POI-000137,PO-00039,PRD-026,CBL-ARM-4C10,Orbit Armoured 4-Core 10 sq mm Underground Cable,581,185.0,107485.0,2024-09-03
POI-000138,PO-00039,PRD-011,FAN-BLDC-1200,Zephyr Smart Eco BLDC 1200mm 28W Fan,120,2200.0,264000.0,2024-09-03
POI-000139,PO-00040,PRD-012,FAN-EXH-150,Zephyr FreshAir 150mm Kitchen Exhaust Fan,130,620.0,80600.0,2024-09-08
POI-000140,PO-00040,PRD-038,TST-VOLT-DIG,MaxVolt Digital AC Voltage & Continuity Tester Pen,142,90.0,12780.0,2024-09-08
POI-000141,PO-00040,PRD-036,TAP-ELEC-BLK,Vardhman Heavy Duty Insulation Tape Roll Black,778,7.5,5835.0,2024-09-08
POI-000142,PO-00040,PRD-023,WIR-FR-250,Orbit FlexiSafe 2.5 sq mm Copper Wire (90m),154,1950.0,300300.0,2024-09-08
POI-000143,PO-00040,PRD-033,DB-TPN-04W,ElectroSafe 4-Way TPN Vertical Phase DB,24,1650.0,39600.0,2024-09-08
POI-000144,PO-00041,PRD-037,LUG-COP-16MM,Vardhman Tinned Copper Cable Lugs 16mm (Pack 50),32,140.0,4480.0,2024-09-10
POI-000145,PO-00041,PRD-033,DB-TPN-04W,ElectroSafe 4-Way TPN Vertical Phase DB,20,1650.0,33000.0,2024-09-10
POI-000146,PO-00041,PRD-019,PLT-MOD-4M,MaxVolt 4-Module Sleek White Faceplate,406,48.0,19488.0,2024-09-10
POI-000147,PO-00042,PRD-008,LED-FL-50W,Lumina Outdoor 50W Waterproof Flood Light,44,650.0,28600.0,2024-09-15
POI-000148,PO-00042,PRD-010,FAN-CEIL-1200,Zephyr Breeze 1200mm High Speed Ceiling Fan,79,1350.0,106650.0,2024-09-15
POI-000149,PO-00043,PRD-009,INC-BLB-60W,Classic 60W Incandescent Filament Bulb,50,12.0,600.0,2024-09-23
POI-000150,PO-00043,PRD-027,MCB-SP-10A,ElectroSafe 10A Single Pole C-Curve MCB,117,82.0,9594.0,2024-09-23
POI-000151,PO-00044,PRD-020,PLT-MOD-8M,MaxVolt 8-Module Double Row Faceplate,215,85.0,18275.0,2024-10-04
POI-000152,PO-00044,PRD-016,SOC-MOD-6A,MaxVolt 3-Pin 6A Shuttered Safety Socket,217,36.0,7812.0,2024-10-04
POI-000153,PO-00044,PRD-038,TST-VOLT-DIG,MaxVolt Digital AC Voltage & Continuity Tester Pen,73,90.0,6570.0,2024-10-04
POI-000154,PO-00044,PRD-019,PLT-MOD-4M,MaxVolt 4-Module Sleek White Faceplate,174,48.0,8352.0,2024-10-04
POI-000155,PO-00044,PRD-028,MCB-SP-16A,ElectroSafe 16A Single Pole C-Curve MCB,214,85.0,18190.0,2024-10-04
POI-000156,PO-00045,PRD-031,RCCB-4P-40A,ElectroSafe 40A 4-Pole 30mA Earth Leakage RCCB,73,1250.0,91250.0,2024-10-09
POI-000157,PO-00045,PRD-005,LED-BAT-36W,Lumina Commercial 36W LED Batten Light,223,280.0,62440.0,2024-10-09
POI-000158,PO-00045,PRD-002,LED-BULB-12W,EcoGlow LED Bulb 12W Cool Day White,183,58.0,10614.0,2024-10-09
POI-000159,PO-00045,PRD-006,LED-PNL-15W,EcoGlow 15W Slim Round Downlight Panel,295,160.0,47200.0,2024-10-09
POI-000160,PO-00046,PRD-035,CON-PVC-25MM,Kiran Rigid PVC 25mm Electrical Conduit Pipe (3m),926,38.0,35188.0,2024-10-12
POI-000161,PO-00046,PRD-017,SOC-MOD-16A,MaxVolt 6/16A Universal Power Socket,120,65.0,7800.0,2024-10-12
POI-000162,PO-00046,PRD-037,LUG-COP-16MM,Vardhman Tinned Copper Cable Lugs 16mm (Pack 50),70,140.0,9800.0,2024-10-12
POI-000163,PO-00047,PRD-017,SOC-MOD-16A,MaxVolt 6/16A Universal Power Socket,297,65.0,19305.0,2024-10-22
POI-000164,PO-00047,PRD-033,DB-TPN-04W,ElectroSafe 4-Way TPN Vertical Phase DB,17,1650.0,28050.0,2024-10-22
POI-000165,PO-00047,PRD-038,TST-VOLT-DIG,MaxVolt Digital AC Voltage & Continuity Tester Pen,55,90.0,4950.0,2024-10-22
POI-000166,PO-00047,PRD-013,FAN-WALL-400,Zephyr High Airflow 400mm Wall Fan,68,1480.0,100640.0,2024-10-22
POI-000167,PO-00047,PRD-024,WIR-FR-400,Orbit HeavyDuty 4.0 sq mm Copper Wire (90m),62,3100.0,192200.0,2024-10-22
POI-000168,PO-00048,PRD-015,SW-MOD-16A,MaxVolt Alpha 16A Power Switch,709,42.0,29778.0,2024-10-25
POI-000169,PO-00048,PRD-004,LED-BAT-20W,Lumina Slimline 20W LED Batten Tube Light,284,145.0,41180.0,2024-10-25
POI-000170,PO-00048,PRD-032,DB-SPN-08W,ElectroSafe 8-Way SPN Metal Enclosure Distribution Board,77,450.0,34650.0,2024-10-25
POI-000171,PO-00048,PRD-001,LED-BULB-09W,EcoGlow LED Bulb 9W Cool Day White,323,42.0,13566.0,2024-10-25
POI-000172,PO-00048,PRD-011,FAN-BLDC-1200,Zephyr Smart Eco BLDC 1200mm 28W Fan,32,2200.0,70400.0,2024-10-25
POI-000173,PO-00049,PRD-005,LED-BAT-36W,Lumina Commercial 36W LED Batten Light,153,280.0,42840.0,2024-10-25
POI-000174,PO-00049,PRD-030,MCB-DP-32A,ElectroSafe 32A Double Pole Main Isolator MCB,165,220.0,36300.0,2024-10-25
POI-000175,PO-00049,PRD-028,MCB-SP-16A,ElectroSafe 16A Single Pole C-Curve MCB,238,85.0,20230.0,2024-10-25
POI-000176,PO-00049,PRD-036,TAP-ELEC-BLK,Vardhman Heavy Duty Insulation Tape Roll Black,1918,7.5,14385.0,2024-10-25
POI-000177,PO-00050,PRD-012,FAN-EXH-150,Zephyr FreshAir 150mm Kitchen Exhaust Fan,43,620.0,26660.0,2024-10-27
POI-000178,PO-00050,PRD-004,LED-BAT-20W,Lumina Slimline 20W LED Batten Tube Light,384,145.0,55680.0,2024-10-27
POI-000179,PO-00050,PRD-014,SW-MOD-6A,MaxVolt Alpha 6A 1-Way Modular Switch,1214,18.0,21852.0,2024-10-27
POI-000180,PO-00051,PRD-035,CON-PVC-25MM,Kiran Rigid PVC 25mm Electrical Conduit Pipe (3m),258,38.0,9804.0,2024-11-06
POI-000181,PO-00051,PRD-027,MCB-SP-10A,ElectroSafe 10A Single Pole C-Curve MCB,251,82.0,20582.0,2024-11-06
POI-000182,PO-00051,PRD-016,SOC-MOD-6A,MaxVolt 3-Pin 6A Shuttered Safety Socket,998,36.0,35928.0,2024-11-06
POI-000183,PO-00051,PRD-013,FAN-WALL-400,Zephyr High Airflow 400mm Wall Fan,67,1480.0,99160.0,2024-11-06
POI-000184,PO-00052,PRD-024,WIR-FR-400,Orbit HeavyDuty 4.0 sq mm Copper Wire (90m),51,3100.0,158100.0,2024-11-11
POI-000185,PO-00052,PRD-014,SW-MOD-6A,MaxVolt Alpha 6A 1-Way Modular Switch,654,18.0,11772.0,2024-11-11
POI-000186,PO-00052,PRD-017,SOC-MOD-16A,MaxVolt 6/16A Universal Power Socket,123,65.0,7995.0,2024-11-11
POI-000187,PO-00053,PRD-031,RCCB-4P-40A,ElectroSafe 40A 4-Pole 30mA Earth Leakage RCCB,61,1250.0,76250.0,2024-11-18
POI-000188,PO-00053,PRD-032,DB-SPN-08W,ElectroSafe 8-Way SPN Metal Enclosure Distribution Board,81,450.0,36450.0,2024-11-18
POI-000189,PO-00053,PRD-026,CBL-ARM-4C10,Orbit Armoured 4-Core 10 sq mm Underground Cable,586,185.0,108410.0,2024-11-18
POI-000190,PO-00054,PRD-015,SW-MOD-16A,MaxVolt Alpha 16A Power Switch,677,42.0,28434.0,2024-11-13
POI-000191,PO-00054,PRD-038,TST-VOLT-DIG,MaxVolt Digital AC Voltage & Continuity Tester Pen,158,90.0,14220.0,2024-11-13
POI-000192,PO-00054,PRD-028,MCB-SP-16A,ElectroSafe 16A Single Pole C-Curve MCB,487,85.0,41395.0,2024-11-13
POI-000193,PO-00054,PRD-021,WIR-FR-100,Orbit FlexiSafe 1.0 sq mm Copper Wire (90m),163,880.0,143440.0,2024-11-13
POI-000194,PO-00054,PRD-012,FAN-EXH-150,Zephyr FreshAir 150mm Kitchen Exhaust Fan,81,620.0,50220.0,2024-11-13
POI-000195,PO-00055,PRD-011,FAN-BLDC-1200,Zephyr Smart Eco BLDC 1200mm 28W Fan,76,2200.0,167200.0,2024-11-26
POI-000196,PO-00055,PRD-010,FAN-CEIL-1200,Zephyr Breeze 1200mm High Speed Ceiling Fan,42,1350.0,56700.0,2024-11-26
POI-000197,PO-00056,PRD-028,MCB-SP-16A,ElectroSafe 16A Single Pole C-Curve MCB,197,85.0,16745.0,2024-11-25
POI-000198,PO-00056,PRD-010,FAN-CEIL-1200,Zephyr Breeze 1200mm High Speed Ceiling Fan,194,1350.0,261900.0,2024-11-25
POI-000199,PO-00056,PRD-014,SW-MOD-6A,MaxVolt Alpha 6A 1-Way Modular Switch,1259,18.0,22662.0,2024-11-25
POI-000200,PO-00056,PRD-004,LED-BAT-20W,Lumina Slimline 20W LED Batten Tube Light,233,145.0,33785.0,2024-11-25
POI-000201,PO-00057,PRD-001,LED-BULB-09W,EcoGlow LED Bulb 9W Cool Day White,393,42.0,16506.0,2024-11-26
POI-000202,PO-00057,PRD-014,SW-MOD-6A,MaxVolt Alpha 6A 1-Way Modular Switch,1075,18.0,19350.0,2024-11-26
POI-000203,PO-00057,PRD-036,TAP-ELEC-BLK,Vardhman Heavy Duty Insulation Tape Roll Black,1933,7.5,14497.5,2024-11-26
POI-000204,PO-00057,PRD-024,WIR-FR-400,Orbit HeavyDuty 4.0 sq mm Copper Wire (90m),29,3100.0,89900.0,2024-11-26
POI-000205,PO-00057,PRD-004,LED-BAT-20W,Lumina Slimline 20W LED Batten Tube Light,251,145.0,36395.0,2024-11-26
POI-000206,PO-00058,PRD-031,RCCB-4P-40A,ElectroSafe 40A 4-Pole 30mA Earth Leakage RCCB,73,1250.0,91250.0,2024-12-06
POI-000207,PO-00058,PRD-032,DB-SPN-08W,ElectroSafe 8-Way SPN Metal Enclosure Distribution Board,66,450.0,29700.0,2024-12-06
POI-000208,PO-00058,PRD-020,PLT-MOD-8M,MaxVolt 8-Module Double Row Faceplate,392,85.0,33320.0,2024-12-06
POI-000209,PO-00058,PRD-036,TAP-ELEC-BLK,Vardhman Heavy Duty Insulation Tape Roll Black,1048,7.5,7860.0,2024-12-06
POI-000210,PO-00058,PRD-029,MCB-SP-32A,ElectroSafe 32A Single Pole Heavy Duty MCB,128,95.0,12160.0,2024-12-06
POI-000211,PO-00059,PRD-014,SW-MOD-6A,MaxVolt Alpha 6A 1-Way Modular Switch,1213,18.0,21834.0,2024-12-10
POI-000212,PO-00059,PRD-023,WIR-FR-250,Orbit FlexiSafe 2.5 sq mm Copper Wire (90m),48,1950.0,93600.0,2024-12-10
POI-000213,PO-00059,PRD-024,WIR-FR-400,Orbit HeavyDuty 4.0 sq mm Copper Wire (90m),87,3100.0,269700.0,2024-12-10
POI-000214,PO-00060,PRD-005,LED-BAT-36W,Lumina Commercial 36W LED Batten Light,234,280.0,65520.0,2024-12-06
POI-000215,PO-00060,PRD-008,LED-FL-50W,Lumina Outdoor 50W Waterproof Flood Light,46,650.0,29900.0,2024-12-06
POI-000216,PO-00061,PRD-026,CBL-ARM-4C10,Orbit Armoured 4-Core 10 sq mm Underground Cable,484,185.0,89540.0,2024-12-07
POI-000217,PO-00061,PRD-020,PLT-MOD-8M,MaxVolt 8-Module Double Row Faceplate,287,85.0,24395.0,2024-12-07
POI-000218,PO-00061,PRD-024,WIR-FR-400,Orbit HeavyDuty 4.0 sq mm Copper Wire (90m),51,3100.0,158100.0,2024-12-07
POI-000219,PO-00062,PRD-031,RCCB-4P-40A,ElectroSafe 40A 4-Pole 30mA Earth Leakage RCCB,54,1250.0,67500.0,2024-12-15
POI-000220,PO-00062,PRD-010,FAN-CEIL-1200,Zephyr Breeze 1200mm High Speed Ceiling Fan,68,1350.0,91800.0,2024-12-15
POI-000221,PO-00063,PRD-028,MCB-SP-16A,ElectroSafe 16A Single Pole C-Curve MCB,142,85.0,12070.0,2024-12-17
POI-000222,PO-00063,PRD-016,SOC-MOD-6A,MaxVolt 3-Pin 6A Shuttered Safety Socket,492,36.0,17712.0,2024-12-17
POI-000223,PO-00063,PRD-033,DB-TPN-04W,ElectroSafe 4-Way TPN Vertical Phase DB,19,1650.0,31350.0,2024-12-17
POI-000224,PO-00063,PRD-006,LED-PNL-15W,EcoGlow 15W Slim Round Downlight Panel,205,160.0,32800.0,2024-12-17
POI-000225,PO-00064,PRD-032,DB-SPN-08W,ElectroSafe 8-Way SPN Metal Enclosure Distribution Board,35,450.0,15750.0,2024-12-29
POI-000226,PO-00064,PRD-030,MCB-DP-32A,ElectroSafe 32A Double Pole Main Isolator MCB,156,220.0,34320.0,2024-12-29
POI-000227,PO-00064,PRD-007,LED-PNL-24W,EcoGlow 24W 2x2 Square Ceiling Panel,57,520.0,29640.0,2024-12-29
POI-000228,PO-00064,PRD-029,MCB-SP-32A,ElectroSafe 32A Single Pole Heavy Duty MCB,262,95.0,24890.0,2024-12-29
POI-000229,PO-00065,PRD-017,SOC-MOD-16A,MaxVolt 6/16A Universal Power Socket,174,65.0,11310.0,2024-12-30
POI-000230,PO-00065,PRD-022,WIR-FR-150,Orbit FlexiSafe 1.5 sq mm Copper Wire (90m),84,1250.0,105000.0,2024-12-30
POI-000231,PO-00065,PRD-038,TST-VOLT-DIG,MaxVolt Digital AC Voltage & Continuity Tester Pen,112,90.0,10080.0,2024-12-30
POI-000232,PO-00065,PRD-036,TAP-ELEC-BLK,Vardhman Heavy Duty Insulation Tape Roll Black,999,7.5,7492.5,2024-12-30
POI-000233,PO-00066,PRD-014,SW-MOD-6A,MaxVolt Alpha 6A 1-Way Modular Switch,1257,18.0,22626.0,2025-01-07
POI-000234,PO-00066,PRD-038,TST-VOLT-DIG,MaxVolt Digital AC Voltage & Continuity Tester Pen,144,90.0,12960.0,2025-01-07
POI-000235,PO-00066,PRD-003,LED-BULB-18W,Lumina Ultra Bright 18W LED Bulb,176,95.0,16720.0,2025-01-07
POI-000236,PO-00067,PRD-016,SOC-MOD-6A,MaxVolt 3-Pin 6A Shuttered Safety Socket,278,36.0,10008.0,2025-01-04
POI-000237,PO-00067,PRD-014,SW-MOD-6A,MaxVolt Alpha 6A 1-Way Modular Switch,1262,18.0,22716.0,2025-01-04
POI-000238,PO-00067,PRD-028,MCB-SP-16A,ElectroSafe 16A Single Pole C-Curve MCB,414,85.0,35190.0,2025-01-04
POI-000239,PO-00067,PRD-008,LED-FL-50W,Lumina Outdoor 50W Waterproof Flood Light,87,650.0,56550.0,2025-01-04
POI-000240,PO-00067,PRD-017,SOC-MOD-16A,MaxVolt 6/16A Universal Power Socket,288,65.0,18720.0,2025-01-04
POI-000241,PO-00068,PRD-038,TST-VOLT-DIG,MaxVolt Digital AC Voltage & Continuity Tester Pen,38,90.0,3420.0,2025-01-12
POI-000242,PO-00068,PRD-019,PLT-MOD-4M,MaxVolt 4-Module Sleek White Faceplate,309,48.0,14832.0,2025-01-12
POI-000243,PO-00069,PRD-033,DB-TPN-04W,ElectroSafe 4-Way TPN Vertical Phase DB,12,1650.0,19800.0,2025-02-01
POI-000244,PO-00069,PRD-011,FAN-BLDC-1200,Zephyr Smart Eco BLDC 1200mm 28W Fan,61,2200.0,134200.0,2025-02-01
POI-000245,PO-00070,PRD-021,WIR-FR-100,Orbit FlexiSafe 1.0 sq mm Copper Wire (90m),82,880.0,72160.0,2025-02-01
POI-000246,PO-00070,PRD-031,RCCB-4P-40A,ElectroSafe 40A 4-Pole 30mA Earth Leakage RCCB,63,1250.0,78750.0,2025-02-01
POI-000247,PO-00070,PRD-035,CON-PVC-25MM,Kiran Rigid PVC 25mm Electrical Conduit Pipe (3m),570,38.0,21660.0,2025-02-01
POI-000248,PO-00070,PRD-033,DB-TPN-04W,ElectroSafe 4-Way TPN Vertical Phase DB,40,1650.0,66000.0,2025-02-01
POI-000249,PO-00071,PRD-007,LED-PNL-24W,EcoGlow 24W 2x2 Square Ceiling Panel,97,520.0,50440.0,2025-02-10
POI-000250,PO-00071,PRD-010,FAN-CEIL-1200,Zephyr Breeze 1200mm High Speed Ceiling Fan,54,1350.0,72900.0,2025-02-10
POI-000251,PO-00072,PRD-036,TAP-ELEC-BLK,Vardhman Heavy Duty Insulation Tape Roll Black,654,7.5,4905.0,2025-02-23
POI-000252,PO-00072,PRD-018,REG-MOD-FAN,MaxVolt 4-Step Capacitive Fan Regulator,113,140.0,15820.0,2025-02-23
POI-000253,PO-00072,PRD-010,FAN-CEIL-1200,Zephyr Breeze 1200mm High Speed Ceiling Fan,52,1350.0,70200.0,2025-02-23
POI-000254,PO-00072,PRD-029,MCB-SP-32A,ElectroSafe 32A Single Pole Heavy Duty MCB,76,95.0,7220.0,2025-02-23
POI-000255,PO-00073,PRD-006,LED-PNL-15W,EcoGlow 15W Slim Round Downlight Panel,70,160.0,11200.0,2025-03-01
POI-000256,PO-00073,PRD-018,REG-MOD-FAN,MaxVolt 4-Step Capacitive Fan Regulator,177,140.0,24780.0,2025-03-01
POI-000257,PO-00073,PRD-029,MCB-SP-32A,ElectroSafe 32A Single Pole Heavy Duty MCB,163,95.0,15485.0,2025-03-01
POI-000258,PO-00074,PRD-027,MCB-SP-10A,ElectroSafe 10A Single Pole C-Curve MCB,316,82.0,25912.0,2025-03-14
POI-000259,PO-00074,PRD-017,SOC-MOD-16A,MaxVolt 6/16A Universal Power Socket,150,65.0,9750.0,2025-03-14
POI-000260,PO-00074,PRD-010,FAN-CEIL-1200,Zephyr Breeze 1200mm High Speed Ceiling Fan,47,1350.0,63450.0,2025-03-14
POI-000261,PO-00074,PRD-015,SW-MOD-16A,MaxVolt Alpha 16A Power Switch,654,42.0,27468.0,2025-03-14
POI-000262,PO-00075,PRD-027,MCB-SP-10A,ElectroSafe 10A Single Pole C-Curve MCB,300,82.0,24600.0,2025-03-22
POI-000263,PO-00075,PRD-018,REG-MOD-FAN,MaxVolt 4-Step Capacitive Fan Regulator,248,140.0,34720.0,2025-03-22
POI-000264,PO-00075,PRD-030,MCB-DP-32A,ElectroSafe 32A Double Pole Main Isolator MCB,66,220.0,14520.0,2025-03-22
POI-000265,PO-00075,PRD-019,PLT-MOD-4M,MaxVolt 4-Module Sleek White Faceplate,436,48.0,20928.0,2025-03-22
POI-000266,PO-00075,PRD-031,RCCB-4P-40A,ElectroSafe 40A 4-Pole 30mA Earth Leakage RCCB,25,1250.0,31250.0,2025-03-22
POI-000267,PO-00076,PRD-034,EXT-SPIKE-4W,Vardhman 4-Socket 2M Surge Protector Spike Strip,41,210.0,8610.0,2025-03-30
POI-000268,PO-00076,PRD-032,DB-SPN-08W,ElectroSafe 8-Way SPN Metal Enclosure Distribution Board,53,450.0,23850.0,2025-03-30
POI-000269,PO-00076,PRD-012,FAN-EXH-150,Zephyr FreshAir 150mm Kitchen Exhaust Fan,86,620.0,53320.0,2025-03-30
POI-000270,PO-00077,PRD-008,LED-FL-50W,Lumina Outdoor 50W Waterproof Flood Light,53,650.0,34450.0,2025-04-13
POI-000271,PO-00077,PRD-027,MCB-SP-10A,ElectroSafe 10A Single Pole C-Curve MCB,383,82.0,31406.0,2025-04-13
POI-000272,PO-00077,PRD-021,WIR-FR-100,Orbit FlexiSafe 1.0 sq mm Copper Wire (90m),158,880.0,139040.0,2025-04-13
POI-000273,PO-00077,PRD-035,CON-PVC-25MM,Kiran Rigid PVC 25mm Electrical Conduit Pipe (3m),687,38.0,26106.0,2025-04-13
POI-000274,PO-00078,PRD-037,LUG-COP-16MM,Vardhman Tinned Copper Cable Lugs 16mm (Pack 50),115,140.0,16100.0,2025-04-15
POI-000275,PO-00078,PRD-012,FAN-EXH-150,Zephyr FreshAir 150mm Kitchen Exhaust Fan,45,620.0,27900.0,2025-04-15
POI-000276,PO-00078,PRD-024,WIR-FR-400,Orbit HeavyDuty 4.0 sq mm Copper Wire (90m),41,3100.0,127100.0,2025-04-15
POI-000277,PO-00078,PRD-019,PLT-MOD-4M,MaxVolt 4-Module Sleek White Faceplate,211,48.0,10128.0,2025-04-15
POI-000278,PO-00079,PRD-037,LUG-COP-16MM,Vardhman Tinned Copper Cable Lugs 16mm (Pack 50),110,140.0,15400.0,2025-04-21
POI-000279,PO-00079,PRD-026,CBL-ARM-4C10,Orbit Armoured 4-Core 10 sq mm Underground Cable,448,185.0,82880.0,2025-04-21
POI-000280,PO-00079,PRD-003,LED-BULB-18W,Lumina Ultra Bright 18W LED Bulb,275,95.0,26125.0,2025-04-21
POI-000281,PO-00079,PRD-017,SOC-MOD-16A,MaxVolt 6/16A Universal Power Socket,138,65.0,8970.0,2025-04-21
POI-000282,PO-00079,PRD-005,LED-BAT-36W,Lumina Commercial 36W LED Batten Light,174,280.0,48720.0,2025-04-21
POI-000283,PO-00080,PRD-038,TST-VOLT-DIG,MaxVolt Digital AC Voltage & Continuity Tester Pen,66,90.0,5940.0,2025-04-21
POI-000284,PO-00080,PRD-002,LED-BULB-12W,EcoGlow LED Bulb 12W Cool Day White,469,58.0,27202.0,2025-04-21
POI-000285,PO-00081,PRD-038,TST-VOLT-DIG,MaxVolt Digital AC Voltage & Continuity Tester Pen,35,90.0,3150.0,2025-04-22
POI-000286,PO-00081,PRD-014,SW-MOD-6A,MaxVolt Alpha 6A 1-Way Modular Switch,1318,18.0,23724.0,2025-04-22
POI-000287,PO-00081,PRD-025,WIR-FR-600,Orbit MainLine 6.0 sq mm Copper Wire (90m),63,4600.0,289800.0,2025-04-22
POI-000288,PO-00081,PRD-031,RCCB-4P-40A,ElectroSafe 40A 4-Pole 30mA Earth Leakage RCCB,62,1250.0,77500.0,2025-04-22
POI-000289,PO-00082,PRD-003,LED-BULB-18W,Lumina Ultra Bright 18W LED Bulb,374,95.0,35530.0,2025-05-15
POI-000290,PO-00082,PRD-006,LED-PNL-15W,EcoGlow 15W Slim Round Downlight Panel,268,160.0,42880.0,2025-05-15
POI-000291,PO-00082,PRD-029,MCB-SP-32A,ElectroSafe 32A Single Pole Heavy Duty MCB,183,95.0,17385.0,2025-05-15
POI-000292,PO-00082,PRD-004,LED-BAT-20W,Lumina Slimline 20W LED Batten Tube Light,152,145.0,22040.0,2025-05-15
POI-000293,PO-00082,PRD-038,TST-VOLT-DIG,MaxVolt Digital AC Voltage & Continuity Tester Pen,94,90.0,8460.0,2025-05-15
POI-000294,PO-00083,PRD-018,REG-MOD-FAN,MaxVolt 4-Step Capacitive Fan Regulator,159,140.0,22260.0,2025-05-13
POI-000295,PO-00083,PRD-008,LED-FL-50W,Lumina Outdoor 50W Waterproof Flood Light,20,650.0,13000.0,2025-05-13
POI-000296,PO-00083,PRD-030,MCB-DP-32A,ElectroSafe 32A Double Pole Main Isolator MCB,110,220.0,24200.0,2025-05-13
POI-000297,PO-00083,PRD-025,WIR-FR-600,Orbit MainLine 6.0 sq mm Copper Wire (90m),55,4600.0,253000.0,2025-05-13
POI-000298,PO-00084,PRD-008,LED-FL-50W,Lumina Outdoor 50W Waterproof Flood Light,92,650.0,59800.0,2025-05-17
POI-000299,PO-00084,PRD-011,FAN-BLDC-1200,Zephyr Smart Eco BLDC 1200mm 28W Fan,114,2200.0,250800.0,2025-05-17
POI-000300,PO-00084,PRD-030,MCB-DP-32A,ElectroSafe 32A Double Pole Main Isolator MCB,127,220.0,27940.0,2025-05-17
POI-000301,PO-00084,PRD-024,WIR-FR-400,Orbit HeavyDuty 4.0 sq mm Copper Wire (90m),65,3100.0,201500.0,2025-05-17
POI-000302,PO-00084,PRD-017,SOC-MOD-16A,MaxVolt 6/16A Universal Power Socket,356,65.0,23140.0,2025-05-17
POI-000303,PO-00085,PRD-027,MCB-SP-10A,ElectroSafe 10A Single Pole C-Curve MCB,376,82.0,30832.0,2025-05-19
POI-000304,PO-00085,PRD-038,TST-VOLT-DIG,MaxVolt Digital AC Voltage & Continuity Tester Pen,134,90.0,12060.0,2025-05-19
POI-000305,PO-00085,PRD-026,CBL-ARM-4C10,Orbit Armoured 4-Core 10 sq mm Underground Cable,267,185.0,49395.0,2025-05-19
POI-000306,PO-00085,PRD-024,WIR-FR-400,Orbit HeavyDuty 4.0 sq mm Copper Wire (90m),77,3100.0,238700.0,2025-05-19
POI-000307,PO-00085,PRD-025,WIR-FR-600,Orbit MainLine 6.0 sq mm Copper Wire (90m),16,4600.0,73600.0,2025-05-19
POI-000308,PO-00086,PRD-013,FAN-WALL-400,Zephyr High Airflow 400mm Wall Fan,25,1480.0,37000.0,2025-05-27
POI-000309,PO-00086,PRD-021,WIR-FR-100,Orbit FlexiSafe 1.0 sq mm Copper Wire (90m),142,880.0,124960.0,2025-05-27
POI-000310,PO-00087,PRD-025,WIR-FR-600,Orbit MainLine 6.0 sq mm Copper Wire (90m),16,4600.0,73600.0,2025-06-05
POI-000311,PO-00087,PRD-022,WIR-FR-150,Orbit FlexiSafe 1.5 sq mm Copper Wire (90m),158,1250.0,197500.0,2025-06-05
POI-000312,PO-00088,PRD-010,FAN-CEIL-1200,Zephyr Breeze 1200mm High Speed Ceiling Fan,128,1350.0,172800.0,2025-06-08
POI-000313,PO-00088,PRD-019,PLT-MOD-4M,MaxVolt 4-Module Sleek White Faceplate,398,48.0,19104.0,2025-06-08
POI-000314,PO-00089,PRD-029,MCB-SP-32A,ElectroSafe 32A Single Pole Heavy Duty MCB,197,95.0,18715.0,2025-06-12
POI-000315,PO-00089,PRD-007,LED-PNL-24W,EcoGlow 24W 2x2 Square Ceiling Panel,43,520.0,22360.0,2025-06-12
POI-000316,PO-00089,PRD-038,TST-VOLT-DIG,MaxVolt Digital AC Voltage & Continuity Tester Pen,124,90.0,11160.0,2025-06-12
POI-000317,PO-00089,PRD-022,WIR-FR-150,Orbit FlexiSafe 1.5 sq mm Copper Wire (90m),153,1250.0,191250.0,2025-06-12
POI-000318,PO-00089,PRD-004,LED-BAT-20W,Lumina Slimline 20W LED Batten Tube Light,336,145.0,48720.0,2025-06-12
POI-000319,PO-00090,PRD-013,FAN-WALL-400,Zephyr High Airflow 400mm Wall Fan,28,1480.0,41440.0,2025-06-14
POI-000320,PO-00090,PRD-026,CBL-ARM-4C10,Orbit Armoured 4-Core 10 sq mm Underground Cable,196,185.0,36260.0,2025-06-14
POI-000321,PO-00090,PRD-022,WIR-FR-150,Orbit FlexiSafe 1.5 sq mm Copper Wire (90m),153,1250.0,191250.0,2025-06-14
POI-000322,PO-00090,PRD-023,WIR-FR-250,Orbit FlexiSafe 2.5 sq mm Copper Wire (90m),117,1950.0,228150.0,2025-06-14
POI-000323,PO-00090,PRD-031,RCCB-4P-40A,ElectroSafe 40A 4-Pole 30mA Earth Leakage RCCB,68,1250.0,85000.0,2025-06-14
POI-000324,PO-00091,PRD-017,SOC-MOD-16A,MaxVolt 6/16A Universal Power Socket,247,65.0,16055.0,2025-06-24
POI-000325,PO-00091,PRD-036,TAP-ELEC-BLK,Vardhman Heavy Duty Insulation Tape Roll Black,992,7.5,7440.0,2025-06-24
POI-000326,PO-00091,PRD-005,LED-BAT-36W,Lumina Commercial 36W LED Batten Light,102,280.0,28560.0,2025-06-24
POI-000327,PO-00092,PRD-029,MCB-SP-32A,ElectroSafe 32A Single Pole Heavy Duty MCB,201,95.0,19095.0,2025-07-07
POI-000328,PO-00092,PRD-033,DB-TPN-04W,ElectroSafe 4-Way TPN Vertical Phase DB,40,1650.0,66000.0,2025-07-07
POI-000329,PO-00093,PRD-036,TAP-ELEC-BLK,Vardhman Heavy Duty Insulation Tape Roll Black,1384,7.5,10380.0,2025-07-07
POI-000330,PO-00093,PRD-008,LED-FL-50W,Lumina Outdoor 50W Waterproof Flood Light,21,650.0,13650.0,2025-07-07
POI-000331,PO-00093,PRD-001,LED-BULB-09W,EcoGlow LED Bulb 9W Cool Day White,261,42.0,10962.0,2025-07-07
POI-000332,PO-00093,PRD-022,WIR-FR-150,Orbit FlexiSafe 1.5 sq mm Copper Wire (90m),50,1250.0,62500.0,2025-07-07
POI-000333,PO-00094,PRD-016,SOC-MOD-6A,MaxVolt 3-Pin 6A Shuttered Safety Socket,416,36.0,14976.0,2025-07-18
POI-000334,PO-00094,PRD-027,MCB-SP-10A,ElectroSafe 10A Single Pole C-Curve MCB,367,82.0,30094.0,2025-07-18
POI-000335,PO-00095,PRD-032,DB-SPN-08W,ElectroSafe 8-Way SPN Metal Enclosure Distribution Board,82,450.0,36900.0,2025-07-14
POI-000336,PO-00095,PRD-028,MCB-SP-16A,ElectroSafe 16A Single Pole C-Curve MCB,244,85.0,20740.0,2025-07-14
POI-000337,PO-00095,PRD-001,LED-BULB-09W,EcoGlow LED Bulb 9W Cool Day White,273,42.0,11466.0,2025-07-14
POI-000338,PO-00096,PRD-013,FAN-WALL-400,Zephyr High Airflow 400mm Wall Fan,42,1480.0,62160.0,2025-07-26
POI-000339,PO-00096,PRD-001,LED-BULB-09W,EcoGlow LED Bulb 9W Cool Day White,542,42.0,22764.0,2025-07-26
POI-000340,PO-00096,PRD-029,MCB-SP-32A,ElectroSafe 32A Single Pole Heavy Duty MCB,97,95.0,9215.0,2025-07-26
POI-000341,PO-00096,PRD-012,FAN-EXH-150,Zephyr FreshAir 150mm Kitchen Exhaust Fan,117,620.0,72540.0,2025-07-26
POI-000342,PO-00097,PRD-015,SW-MOD-16A,MaxVolt Alpha 16A Power Switch,197,42.0,8274.0,2025-08-04
POI-000343,PO-00097,PRD-004,LED-BAT-20W,Lumina Slimline 20W LED Batten Tube Light,90,145.0,13050.0,2025-08-04
POI-000344,PO-00097,PRD-032,DB-SPN-08W,ElectroSafe 8-Way SPN Metal Enclosure Distribution Board,87,450.0,39150.0,2025-08-04
POI-000345,PO-00098,PRD-025,WIR-FR-600,Orbit MainLine 6.0 sq mm Copper Wire (90m),15,4600.0,69000.0,2025-08-10
POI-000346,PO-00098,PRD-028,MCB-SP-16A,ElectroSafe 16A Single Pole C-Curve MCB,194,85.0,16490.0,2025-08-10
POI-000347,PO-00098,PRD-002,LED-BULB-12W,EcoGlow LED Bulb 12W Cool Day White,583,58.0,33814.0,2025-08-10
POI-000348,PO-00098,PRD-033,DB-TPN-04W,ElectroSafe 4-Way TPN Vertical Phase DB,16,1650.0,26400.0,2025-08-10
POI-000349,PO-00098,PRD-016,SOC-MOD-6A,MaxVolt 3-Pin 6A Shuttered Safety Socket,922,36.0,33192.0,2025-08-10
POI-000350,PO-00099,PRD-038,TST-VOLT-DIG,MaxVolt Digital AC Voltage & Continuity Tester Pen,140,90.0,12600.0,2025-08-11
POI-000351,PO-00099,PRD-016,SOC-MOD-6A,MaxVolt 3-Pin 6A Shuttered Safety Socket,598,36.0,21528.0,2025-08-11
POI-000352,PO-00100,PRD-029,MCB-SP-32A,ElectroSafe 32A Single Pole Heavy Duty MCB,275,95.0,26125.0,2025-08-21
POI-000353,PO-00100,PRD-006,LED-PNL-15W,EcoGlow 15W Slim Round Downlight Panel,145,160.0,23200.0,2025-08-21
POI-000354,PO-00100,PRD-004,LED-BAT-20W,Lumina Slimline 20W LED Batten Tube Light,334,145.0,48430.0,2025-08-21
POI-000355,PO-00100,PRD-016,SOC-MOD-6A,MaxVolt 3-Pin 6A Shuttered Safety Socket,475,36.0,17100.0,2025-08-21
POI-000356,PO-00100,PRD-025,WIR-FR-600,Orbit MainLine 6.0 sq mm Copper Wire (90m),21,4600.0,96600.0,2025-08-21
POI-000357,PO-00101,PRD-020,PLT-MOD-8M,MaxVolt 8-Module Double Row Faceplate,220,85.0,18700.0,2025-08-21
POI-000358,PO-00101,PRD-015,SW-MOD-16A,MaxVolt Alpha 16A Power Switch,207,42.0,8694.0,2025-08-21
POI-000359,PO-00101,PRD-018,REG-MOD-FAN,MaxVolt 4-Step Capacitive Fan Regulator,243,140.0,34020.0,2025-08-21
POI-000360,PO-00102,PRD-019,PLT-MOD-4M,MaxVolt 4-Module Sleek White Faceplate,420,48.0,20160.0,2025-09-03
POI-000361,PO-00102,PRD-022,WIR-FR-150,Orbit FlexiSafe 1.5 sq mm Copper Wire (90m),133,1250.0,166250.0,2025-09-03
POI-000362,PO-00102,PRD-008,LED-FL-50W,Lumina Outdoor 50W Waterproof Flood Light,69,650.0,44850.0,2025-09-03
POI-000363,PO-00102,PRD-011,FAN-BLDC-1200,Zephyr Smart Eco BLDC 1200mm 28W Fan,44,2200.0,96800.0,2025-09-03
POI-000364,PO-00103,PRD-030,MCB-DP-32A,ElectroSafe 32A Double Pole Main Isolator MCB,87,220.0,19140.0,2025-09-08
POI-000365,PO-00103,PRD-014,SW-MOD-6A,MaxVolt Alpha 6A 1-Way Modular Switch,732,18.0,13176.0,2025-09-08
POI-000366,PO-00104,PRD-029,MCB-SP-32A,ElectroSafe 32A Single Pole Heavy Duty MCB,251,95.0,23845.0,2025-09-16
POI-000367,PO-00104,PRD-003,LED-BULB-18W,Lumina Ultra Bright 18W LED Bulb,381,95.0,36195.0,2025-09-16
POI-000368,PO-00105,PRD-028,MCB-SP-16A,ElectroSafe 16A Single Pole C-Curve MCB,281,85.0,23885.0,2025-09-22
POI-000369,PO-00105,PRD-006,LED-PNL-15W,EcoGlow 15W Slim Round Downlight Panel,106,160.0,16960.0,2025-09-22
POI-000370,PO-00105,PRD-034,EXT-SPIKE-4W,Vardhman 4-Socket 2M Surge Protector Spike Strip,127,210.0,26670.0,2025-09-22
POI-000371,PO-00105,PRD-019,PLT-MOD-4M,MaxVolt 4-Module Sleek White Faceplate,346,48.0,16608.0,2025-09-22
POI-000372,PO-00106,PRD-013,FAN-WALL-400,Zephyr High Airflow 400mm Wall Fan,82,1480.0,121360.0,2025-09-14
POI-000373,PO-00106,PRD-023,WIR-FR-250,Orbit FlexiSafe 2.5 sq mm Copper Wire (90m),78,1950.0,152100.0,2025-09-14
POI-000374,PO-00106,PRD-027,MCB-SP-10A,ElectroSafe 10A Single Pole C-Curve MCB,207,82.0,16974.0,2025-09-14
POI-000375,PO-00106,PRD-026,CBL-ARM-4C10,Orbit Armoured 4-Core 10 sq mm Underground Cable,129,185.0,23865.0,2025-09-14
POI-000376,PO-00106,PRD-037,LUG-COP-16MM,Vardhman Tinned Copper Cable Lugs 16mm (Pack 50),73,140.0,10220.0,2025-09-14
POI-000377,PO-00107,PRD-006,LED-PNL-15W,EcoGlow 15W Slim Round Downlight Panel,240,160.0,38400.0,2025-09-28
POI-000378,PO-00107,PRD-013,FAN-WALL-400,Zephyr High Airflow 400mm Wall Fan,45,1480.0,66600.0,2025-09-28
POI-000379,PO-00107,PRD-032,DB-SPN-08W,ElectroSafe 8-Way SPN Metal Enclosure Distribution Board,50,450.0,22500.0,2025-09-28
POI-000380,PO-00107,PRD-030,MCB-DP-32A,ElectroSafe 32A Double Pole Main Isolator MCB,92,220.0,20240.0,2025-09-28
POI-000381,PO-00107,PRD-038,TST-VOLT-DIG,MaxVolt Digital AC Voltage & Continuity Tester Pen,91,90.0,8190.0,2025-09-28
POI-000382,PO-00108,PRD-033,DB-TPN-04W,ElectroSafe 4-Way TPN Vertical Phase DB,38,1650.0,62700.0,2025-09-24
POI-000383,PO-00108,PRD-025,WIR-FR-600,Orbit MainLine 6.0 sq mm Copper Wire (90m),43,4600.0,197800.0,2025-09-24
POI-000384,PO-00108,PRD-026,CBL-ARM-4C10,Orbit Armoured 4-Core 10 sq mm Underground Cable,527,185.0,97495.0,2025-09-24
POI-000385,PO-00108,PRD-024,WIR-FR-400,Orbit HeavyDuty 4.0 sq mm Copper Wire (90m),54,3100.0,167400.0,2025-09-24
POI-000386,PO-00109,PRD-006,LED-PNL-15W,EcoGlow 15W Slim Round Downlight Panel,149,160.0,23840.0,2025-10-05
POI-000387,PO-00109,PRD-032,DB-SPN-08W,ElectroSafe 8-Way SPN Metal Enclosure Distribution Board,48,450.0,21600.0,2025-10-05
POI-000388,PO-00109,PRD-013,FAN-WALL-400,Zephyr High Airflow 400mm Wall Fan,51,1480.0,75480.0,2025-10-05
POI-000389,PO-00110,PRD-018,REG-MOD-FAN,MaxVolt 4-Step Capacitive Fan Regulator,277,140.0,38780.0,2025-09-26
POI-000390,PO-00110,PRD-031,RCCB-4P-40A,ElectroSafe 40A 4-Pole 30mA Earth Leakage RCCB,31,1250.0,38750.0,2025-09-26
POI-000391,PO-00110,PRD-029,MCB-SP-32A,ElectroSafe 32A Single Pole Heavy Duty MCB,225,95.0,21375.0,2025-09-26
POI-000392,PO-00110,PRD-023,WIR-FR-250,Orbit FlexiSafe 2.5 sq mm Copper Wire (90m),147,1950.0,286650.0,2025-09-26
POI-000393,PO-00110,PRD-013,FAN-WALL-400,Zephyr High Airflow 400mm Wall Fan,98,1480.0,145040.0,2025-09-26
POI-000394,PO-00111,PRD-018,REG-MOD-FAN,MaxVolt 4-Step Capacitive Fan Regulator,71,140.0,9940.0,2025-10-10
POI-000395,PO-00111,PRD-010,FAN-CEIL-1200,Zephyr Breeze 1200mm High Speed Ceiling Fan,79,1350.0,106650.0,2025-10-10
POI-000396,PO-00112,PRD-025,WIR-FR-600,Orbit MainLine 6.0 sq mm Copper Wire (90m),74,4600.0,340400.0,2025-10-07
POI-000397,PO-00112,PRD-012,FAN-EXH-150,Zephyr FreshAir 150mm Kitchen Exhaust Fan,64,620.0,39680.0,2025-10-07
POI-000398,PO-00113,PRD-015,SW-MOD-16A,MaxVolt Alpha 16A Power Switch,199,42.0,8358.0,2025-10-21
POI-000399,PO-00113,PRD-028,MCB-SP-16A,ElectroSafe 16A Single Pole C-Curve MCB,290,85.0,24650.0,2025-10-21
POI-000400,PO-00113,PRD-005,LED-BAT-36W,Lumina Commercial 36W LED Batten Light,43,280.0,12040.0,2025-10-21
POI-000401,PO-00113,PRD-027,MCB-SP-10A,ElectroSafe 10A Single Pole C-Curve MCB,172,82.0,14104.0,2025-10-21
POI-000402,PO-00114,PRD-030,MCB-DP-32A,ElectroSafe 32A Double Pole Main Isolator MCB,44,220.0,9680.0,2025-10-18
POI-000403,PO-00114,PRD-016,SOC-MOD-6A,MaxVolt 3-Pin 6A Shuttered Safety Socket,835,36.0,30060.0,2025-10-18
POI-000404,PO-00114,PRD-026,CBL-ARM-4C10,Orbit Armoured 4-Core 10 sq mm Underground Cable,596,185.0,110260.0,2025-10-18
POI-000405,PO-00115,PRD-031,RCCB-4P-40A,ElectroSafe 40A 4-Pole 30mA Earth Leakage RCCB,67,1250.0,83750.0,2025-11-04
POI-000406,PO-00115,PRD-008,LED-FL-50W,Lumina Outdoor 50W Waterproof Flood Light,28,650.0,18200.0,2025-11-04
POI-000407,PO-00115,PRD-036,TAP-ELEC-BLK,Vardhman Heavy Duty Insulation Tape Roll Black,1377,7.5,10327.5,2025-11-04
POI-000408,PO-00115,PRD-035,CON-PVC-25MM,Kiran Rigid PVC 25mm Electrical Conduit Pipe (3m),372,38.0,14136.0,2025-11-04
POI-000409,PO-00115,PRD-005,LED-BAT-36W,Lumina Commercial 36W LED Batten Light,229,280.0,64120.0,2025-11-04
POI-000410,PO-00116,PRD-032,DB-SPN-08W,ElectroSafe 8-Way SPN Metal Enclosure Distribution Board,73,450.0,32850.0,2025-11-11
POI-000411,PO-00116,PRD-025,WIR-FR-600,Orbit MainLine 6.0 sq mm Copper Wire (90m),57,4600.0,262200.0,2025-11-11
POI-000412,PO-00117,PRD-027,MCB-SP-10A,ElectroSafe 10A Single Pole C-Curve MCB,290,82.0,23780.0,2025-11-16
POI-000413,PO-00117,PRD-023,WIR-FR-250,Orbit FlexiSafe 2.5 sq mm Copper Wire (90m),100,1950.0,195000.0,2025-11-16
POI-000414,PO-00117,PRD-025,WIR-FR-600,Orbit MainLine 6.0 sq mm Copper Wire (90m),70,4600.0,322000.0,2025-11-16
POI-000415,PO-00117,PRD-004,LED-BAT-20W,Lumina Slimline 20W LED Batten Tube Light,377,145.0,54665.0,2025-11-16
POI-000416,PO-00118,PRD-027,MCB-SP-10A,ElectroSafe 10A Single Pole C-Curve MCB,119,82.0,9758.0,2025-11-20
POI-000417,PO-00118,PRD-013,FAN-WALL-400,Zephyr High Airflow 400mm Wall Fan,79,1480.0,116920.0,2025-11-20
POI-000418,PO-00118,PRD-034,EXT-SPIKE-4W,Vardhman 4-Socket 2M Surge Protector Spike Strip,69,210.0,14490.0,2025-11-20
POI-000419,PO-00118,PRD-033,DB-TPN-04W,ElectroSafe 4-Way TPN Vertical Phase DB,37,1650.0,61050.0,2025-11-20
POI-000420,PO-00118,PRD-007,LED-PNL-24W,EcoGlow 24W 2x2 Square Ceiling Panel,124,520.0,64480.0,2025-11-20
POI-000421,PO-00119,PRD-008,LED-FL-50W,Lumina Outdoor 50W Waterproof Flood Light,56,650.0,36400.0,2025-11-24
POI-000422,PO-00119,PRD-006,LED-PNL-15W,EcoGlow 15W Slim Round Downlight Panel,278,160.0,44480.0,2025-11-24
POI-000423,PO-00120,PRD-007,LED-PNL-24W,EcoGlow 24W 2x2 Square Ceiling Panel,70,520.0,36400.0,2025-11-30
POI-000424,PO-00120,PRD-016,SOC-MOD-6A,MaxVolt 3-Pin 6A Shuttered Safety Socket,490,36.0,17640.0,2025-11-30
POI-000425,PO-00121,PRD-030,MCB-DP-32A,ElectroSafe 32A Double Pole Main Isolator MCB,129,220.0,28380.0,2025-12-11
POI-000426,PO-00121,PRD-025,WIR-FR-600,Orbit MainLine 6.0 sq mm Copper Wire (90m),71,4600.0,326600.0,2025-12-11
POI-000427,PO-00121,PRD-002,LED-BULB-12W,EcoGlow LED Bulb 12W Cool Day White,519,58.0,30102.0,2025-12-11
POI-000428,PO-00122,PRD-024,WIR-FR-400,Orbit HeavyDuty 4.0 sq mm Copper Wire (90m),109,3100.0,337900.0,2025-12-07
POI-000429,PO-00122,PRD-014,SW-MOD-6A,MaxVolt Alpha 6A 1-Way Modular Switch,675,18.0,12150.0,2025-12-07
POI-000430,PO-00122,PRD-023,WIR-FR-250,Orbit FlexiSafe 2.5 sq mm Copper Wire (90m),139,1950.0,271050.0,2025-12-07
POI-000431,PO-00123,PRD-036,TAP-ELEC-BLK,Vardhman Heavy Duty Insulation Tape Roll Black,961,7.5,7207.5,2025-12-19
POI-000432,PO-00123,PRD-028,MCB-SP-16A,ElectroSafe 16A Single Pole C-Curve MCB,454,85.0,38590.0,2025-12-19
POI-000433,PO-00124,PRD-011,FAN-BLDC-1200,Zephyr Smart Eco BLDC 1200mm 28W Fan,76,2200.0,167200.0,2025-12-24
POI-000434,PO-00124,PRD-021,WIR-FR-100,Orbit FlexiSafe 1.0 sq mm Copper Wire (90m),100,880.0,88000.0,2025-12-24
POI-000435,PO-00124,PRD-002,LED-BULB-12W,EcoGlow LED Bulb 12W Cool Day White,583,58.0,33814.0,2025-12-24
POI-000436,PO-00125,PRD-035,CON-PVC-25MM,Kiran Rigid PVC 25mm Electrical Conduit Pipe (3m),799,38.0,30362.0,2025-12-26
POI-000437,PO-00125,PRD-024,WIR-FR-400,Orbit HeavyDuty 4.0 sq mm Copper Wire (90m),109,3100.0,337900.0,2025-12-26
POI-000438,PO-00125,PRD-038,TST-VOLT-DIG,MaxVolt Digital AC Voltage & Continuity Tester Pen,70,90.0,6300.0,2025-12-26
POI-000439,PO-00125,PRD-016,SOC-MOD-6A,MaxVolt 3-Pin 6A Shuttered Safety Socket,347,36.0,12492.0,2025-12-26
POI-000440,PO-00126,PRD-034,EXT-SPIKE-4W,Vardhman 4-Socket 2M Surge Protector Spike Strip,114,210.0,23940.0,2025-12-29
POI-000441,PO-00126,PRD-017,SOC-MOD-16A,MaxVolt 6/16A Universal Power Socket,254,65.0,16510.0,2025-12-29
POI-000442,PO-00127,PRD-012,FAN-EXH-150,Zephyr FreshAir 150mm Kitchen Exhaust Fan,58,620.0,35960.0,2025-12-30
POI-000443,PO-00127,PRD-015,SW-MOD-16A,MaxVolt Alpha 16A Power Switch,586,42.0,24612.0,2025-12-30
POI-000444,PO-00127,PRD-033,DB-TPN-04W,ElectroSafe 4-Way TPN Vertical Phase DB,49,1650.0,80850.0,2025-12-30
POI-000445,PO-00128,PRD-020,PLT-MOD-8M,MaxVolt 8-Module Double Row Faceplate,160,85.0,13600.0,2026-01-13
POI-000446,PO-00128,PRD-036,TAP-ELEC-BLK,Vardhman Heavy Duty Insulation Tape Roll Black,588,7.5,4410.0,2026-01-13
POI-000447,PO-00128,PRD-021,WIR-FR-100,Orbit FlexiSafe 1.0 sq mm Copper Wire (90m),145,880.0,127600.0,2026-01-13
POI-000448,PO-00129,PRD-008,LED-FL-50W,Lumina Outdoor 50W Waterproof Flood Light,50,650.0,32500.0,2026-01-13
POI-000449,PO-00129,PRD-029,MCB-SP-32A,ElectroSafe 32A Single Pole Heavy Duty MCB,329,95.0,31255.0,2026-01-13
POI-000450,PO-00129,PRD-016,SOC-MOD-6A,MaxVolt 3-Pin 6A Shuttered Safety Socket,306,36.0,11016.0,2026-01-13
POI-000451,PO-00129,PRD-010,FAN-CEIL-1200,Zephyr Breeze 1200mm High Speed Ceiling Fan,90,1350.0,121500.0,2026-01-13
POI-000452,PO-00130,PRD-024,WIR-FR-400,Orbit HeavyDuty 4.0 sq mm Copper Wire (90m),68,3100.0,210800.0,2026-01-19
POI-000453,PO-00130,PRD-032,DB-SPN-08W,ElectroSafe 8-Way SPN Metal Enclosure Distribution Board,76,450.0,34200.0,2026-01-19
POI-000454,PO-00130,PRD-020,PLT-MOD-8M,MaxVolt 8-Module Double Row Faceplate,361,85.0,30685.0,2026-01-19
POI-000455,PO-00130,PRD-029,MCB-SP-32A,ElectroSafe 32A Single Pole Heavy Duty MCB,260,95.0,24700.0,2026-01-19
POI-000456,PO-00130,PRD-035,CON-PVC-25MM,Kiran Rigid PVC 25mm Electrical Conduit Pipe (3m),603,38.0,22914.0,2026-01-19
POI-000457,PO-00131,PRD-014,SW-MOD-6A,MaxVolt Alpha 6A 1-Way Modular Switch,1324,18.0,23832.0,2026-01-20
POI-000458,PO-00131,PRD-006,LED-PNL-15W,EcoGlow 15W Slim Round Downlight Panel,62,160.0,9920.0,2026-01-20
POI-000459,PO-00132,PRD-005,LED-BAT-36W,Lumina Commercial 36W LED Batten Light,160,280.0,44800.0,2026-01-24
POI-000460,PO-00132,PRD-008,LED-FL-50W,Lumina Outdoor 50W Waterproof Flood Light,20,650.0,13000.0,2026-01-24
POI-000461,PO-00132,PRD-034,EXT-SPIKE-4W,Vardhman 4-Socket 2M Surge Protector Spike Strip,51,210.0,10710.0,2026-01-24
POI-000462,PO-00133,PRD-030,MCB-DP-32A,ElectroSafe 32A Double Pole Main Isolator MCB,102,220.0,22440.0,2026-01-31
POI-000463,PO-00133,PRD-020,PLT-MOD-8M,MaxVolt 8-Module Double Row Faceplate,186,85.0,15810.0,2026-01-31
POI-000464,PO-00134,PRD-019,PLT-MOD-4M,MaxVolt 4-Module Sleek White Faceplate,160,48.0,7680.0,2026-02-02
POI-000465,PO-00134,PRD-036,TAP-ELEC-BLK,Vardhman Heavy Duty Insulation Tape Roll Black,1481,7.5,11107.5,2026-02-02
POI-000466,PO-00134,PRD-016,SOC-MOD-6A,MaxVolt 3-Pin 6A Shuttered Safety Socket,801,36.0,28836.0,2026-02-02
POI-000467,PO-00134,PRD-025,WIR-FR-600,Orbit MainLine 6.0 sq mm Copper Wire (90m),62,4600.0,285200.0,2026-02-02
POI-000468,PO-00135,PRD-018,REG-MOD-FAN,MaxVolt 4-Step Capacitive Fan Regulator,171,140.0,23940.0,2026-02-06
POI-000469,PO-00135,PRD-026,CBL-ARM-4C10,Orbit Armoured 4-Core 10 sq mm Underground Cable,500,185.0,92500.0,2026-02-06
POI-000470,PO-00135,PRD-031,RCCB-4P-40A,ElectroSafe 40A 4-Pole 30mA Earth Leakage RCCB,17,1250.0,21250.0,2026-02-06
POI-000471,PO-00136,PRD-004,LED-BAT-20W,Lumina Slimline 20W LED Batten Tube Light,484,145.0,70180.0,2026-02-12
POI-000472,PO-00136,PRD-032,DB-SPN-08W,ElectroSafe 8-Way SPN Metal Enclosure Distribution Board,94,450.0,42300.0,2026-02-12
POI-000473,PO-00136,PRD-005,LED-BAT-36W,Lumina Commercial 36W LED Batten Light,61,280.0,17080.0,2026-02-12
POI-000474,PO-00136,PRD-016,SOC-MOD-6A,MaxVolt 3-Pin 6A Shuttered Safety Socket,476,36.0,17136.0,2026-02-12
POI-000475,PO-00136,PRD-014,SW-MOD-6A,MaxVolt Alpha 6A 1-Way Modular Switch,779,18.0,14022.0,2026-02-12
POI-000476,PO-00137,PRD-004,LED-BAT-20W,Lumina Slimline 20W LED Batten Tube Light,306,145.0,44370.0,2026-02-15
POI-000477,PO-00137,PRD-013,FAN-WALL-400,Zephyr High Airflow 400mm Wall Fan,92,1480.0,136160.0,2026-02-15
POI-000478,PO-00137,PRD-020,PLT-MOD-8M,MaxVolt 8-Module Double Row Faceplate,394,85.0,33490.0,2026-02-15
POI-000479,PO-00137,PRD-001,LED-BULB-09W,EcoGlow LED Bulb 9W Cool Day White,382,42.0,16044.0,2026-02-15
POI-000480,PO-00138,PRD-031,RCCB-4P-40A,ElectroSafe 40A 4-Pole 30mA Earth Leakage RCCB,79,1250.0,98750.0,2026-02-23
POI-000481,PO-00138,PRD-016,SOC-MOD-6A,MaxVolt 3-Pin 6A Shuttered Safety Socket,964,36.0,34704.0,2026-02-23
POI-000482,PO-00138,PRD-001,LED-BULB-09W,EcoGlow LED Bulb 9W Cool Day White,197,42.0,8274.0,2026-02-23
POI-000483,PO-00138,PRD-007,LED-PNL-24W,EcoGlow 24W 2x2 Square Ceiling Panel,156,520.0,81120.0,2026-02-23
POI-000484,PO-00139,PRD-013,FAN-WALL-400,Zephyr High Airflow 400mm Wall Fan,35,1480.0,51800.0,2026-02-28
POI-000485,PO-00139,PRD-023,WIR-FR-250,Orbit FlexiSafe 2.5 sq mm Copper Wire (90m),85,1950.0,165750.0,2026-02-28
POI-000486,PO-00139,PRD-017,SOC-MOD-16A,MaxVolt 6/16A Universal Power Socket,573,65.0,37245.0,2026-02-28
POI-000487,PO-00140,PRD-028,MCB-SP-16A,ElectroSafe 16A Single Pole C-Curve MCB,370,85.0,31450.0,2026-03-06
POI-000488,PO-00140,PRD-023,WIR-FR-250,Orbit FlexiSafe 2.5 sq mm Copper Wire (90m),182,1950.0,354900.0,2026-03-06
POI-000489,PO-00140,PRD-004,LED-BAT-20W,Lumina Slimline 20W LED Batten Tube Light,444,145.0,64380.0,2026-03-06
POI-000490,PO-00141,PRD-028,MCB-SP-16A,ElectroSafe 16A Single Pole C-Curve MCB,338,85.0,28730.0,2026-03-09
POI-000491,PO-00141,PRD-038,TST-VOLT-DIG,MaxVolt Digital AC Voltage & Continuity Tester Pen,32,90.0,2880.0,2026-03-09
POI-000492,PO-00141,PRD-003,LED-BULB-18W,Lumina Ultra Bright 18W LED Bulb,254,95.0,24130.0,2026-03-09
POI-000493,PO-00142,PRD-011,FAN-BLDC-1200,Zephyr Smart Eco BLDC 1200mm 28W Fan,84,2200.0,184800.0,2026-03-13
POI-000494,PO-00142,PRD-012,FAN-EXH-150,Zephyr FreshAir 150mm Kitchen Exhaust Fan,86,620.0,53320.0,2026-03-13
POI-000495,PO-00142,PRD-024,WIR-FR-400,Orbit HeavyDuty 4.0 sq mm Copper Wire (90m),74,3100.0,229400.0,2026-03-13
POI-000496,PO-00142,PRD-013,FAN-WALL-400,Zephyr High Airflow 400mm Wall Fan,86,1480.0,127280.0,2026-03-13
POI-000497,PO-00143,PRD-006,LED-PNL-15W,EcoGlow 15W Slim Round Downlight Panel,137,160.0,21920.0,2026-03-17
POI-000498,PO-00143,PRD-034,EXT-SPIKE-4W,Vardhman 4-Socket 2M Surge Protector Spike Strip,98,210.0,20580.0,2026-03-17
POI-000499,PO-00143,PRD-031,RCCB-4P-40A,ElectroSafe 40A 4-Pole 30mA Earth Leakage RCCB,74,1250.0,92500.0,2026-03-17
POI-000500,PO-00143,PRD-004,LED-BAT-20W,Lumina Slimline 20W LED Batten Tube Light,217,145.0,31465.0,2026-03-17
POI-000501,PO-00143,PRD-008,LED-FL-50W,Lumina Outdoor 50W Waterproof Flood Light,22,650.0,14300.0,2026-03-17
POI-000502,PO-00144,PRD-017,SOC-MOD-16A,MaxVolt 6/16A Universal Power Socket,177,65.0,11505.0,2026-03-27
POI-000503,PO-00144,PRD-033,DB-TPN-04W,ElectroSafe 4-Way TPN Vertical Phase DB,26,1650.0,42900.0,2026-03-27
POI-000504,PO-00144,PRD-015,SW-MOD-16A,MaxVolt Alpha 16A Power Switch,795,42.0,33390.0,2026-03-27
POI-000505,PO-00145,PRD-011,FAN-BLDC-1200,Zephyr Smart Eco BLDC 1200mm 28W Fan,74,2200.0,162800.0,2026-04-06
POI-000506,PO-00145,PRD-004,LED-BAT-20W,Lumina Slimline 20W LED Batten Tube Light,432,145.0,62640.0,2026-04-06
POI-000507,PO-00145,PRD-010,FAN-CEIL-1200,Zephyr Breeze 1200mm High Speed Ceiling Fan,123,1350.0,166050.0,2026-04-06
POI-000508,PO-00145,PRD-029,MCB-SP-32A,ElectroSafe 32A Single Pole Heavy Duty MCB,142,95.0,13490.0,2026-04-06
POI-000509,PO-00145,PRD-019,PLT-MOD-4M,MaxVolt 4-Module Sleek White Faceplate,400,48.0,19200.0,2026-04-06
POI-000510,PO-00146,PRD-007,LED-PNL-24W,EcoGlow 24W 2x2 Square Ceiling Panel,66,520.0,34320.0,2026-04-12
POI-000511,PO-00146,PRD-011,FAN-BLDC-1200,Zephyr Smart Eco BLDC 1200mm 28W Fan,72,2200.0,158400.0,2026-04-12
POI-000512,PO-00146,PRD-030,MCB-DP-32A,ElectroSafe 32A Double Pole Main Isolator MCB,91,220.0,20020.0,2026-04-12
POI-000513,PO-00146,PRD-016,SOC-MOD-6A,MaxVolt 3-Pin 6A Shuttered Safety Socket,454,36.0,16344.0,2026-04-12
POI-000514,PO-00147,PRD-014,SW-MOD-6A,MaxVolt Alpha 6A 1-Way Modular Switch,725,18.0,13050.0,2026-04-25
POI-000515,PO-00147,PRD-012,FAN-EXH-150,Zephyr FreshAir 150mm Kitchen Exhaust Fan,92,620.0,57040.0,2026-04-25
POI-000516,PO-00147,PRD-025,WIR-FR-600,Orbit MainLine 6.0 sq mm Copper Wire (90m),40,4600.0,184000.0,2026-04-25
POI-000517,PO-00148,PRD-016,SOC-MOD-6A,MaxVolt 3-Pin 6A Shuttered Safety Socket,886,36.0,31896.0,2026-04-26
POI-000518,PO-00148,PRD-034,EXT-SPIKE-4W,Vardhman 4-Socket 2M Surge Protector Spike Strip,142,210.0,29820.0,2026-04-26
POI-000519,PO-00148,PRD-032,DB-SPN-08W,ElectroSafe 8-Way SPN Metal Enclosure Distribution Board,84,450.0,37800.0,2026-04-26
POI-000520,PO-00149,PRD-015,SW-MOD-16A,MaxVolt Alpha 16A Power Switch,556,42.0,23352.0,2026-04-25
POI-000521,PO-00149,PRD-012,FAN-EXH-150,Zephyr FreshAir 150mm Kitchen Exhaust Fan,104,620.0,64480.0,2026-04-25
POI-000522,PO-00149,PRD-034,EXT-SPIKE-4W,Vardhman 4-Socket 2M Surge Protector Spike Strip,99,210.0,20790.0,2026-04-25
POI-000523,PO-00149,PRD-014,SW-MOD-6A,MaxVolt Alpha 6A 1-Way Modular Switch,311,18.0,5598.0,2026-04-25
POI-000524,PO-00150,PRD-038,TST-VOLT-DIG,MaxVolt Digital AC Voltage & Continuity Tester Pen,129,90.0,11610.0,2026-05-01
POI-000525,PO-00150,PRD-035,CON-PVC-25MM,Kiran Rigid PVC 25mm Electrical Conduit Pipe (3m),226,38.0,8588.0,2026-05-01
POI-000526,PO-00150,PRD-003,LED-BULB-18W,Lumina Ultra Bright 18W LED Bulb,262,95.0,24890.0,2026-05-01
POI-000527,PO-00150,PRD-020,PLT-MOD-8M,MaxVolt 8-Module Double Row Faceplate,264,85.0,22440.0,2026-05-01
POI-000528,PO-00151,PRD-011,FAN-BLDC-1200,Zephyr Smart Eco BLDC 1200mm 28W Fan,103,2200.0,226600.0,2026-05-02
POI-000529,PO-00151,PRD-033,DB-TPN-04W,ElectroSafe 4-Way TPN Vertical Phase DB,38,1650.0,62700.0,2026-05-02
POI-000530,PO-00151,PRD-004,LED-BAT-20W,Lumina Slimline 20W LED Batten Tube Light,401,145.0,58145.0,2026-05-02
POI-000531,PO-00151,PRD-020,PLT-MOD-8M,MaxVolt 8-Module Double Row Faceplate,198,85.0,16830.0,2026-05-02
POI-000532,PO-00152,PRD-011,FAN-BLDC-1200,Zephyr Smart Eco BLDC 1200mm 28W Fan,52,2200.0,114400.0,2026-05-09
POI-000533,PO-00152,PRD-007,LED-PNL-24W,EcoGlow 24W 2x2 Square Ceiling Panel,133,520.0,69160.0,2026-05-09
POI-000534,PO-00152,PRD-002,LED-BULB-12W,EcoGlow LED Bulb 12W Cool Day White,341,58.0,19778.0,2026-05-09
POI-000535,PO-00153,PRD-012,FAN-EXH-150,Zephyr FreshAir 150mm Kitchen Exhaust Fan,91,620.0,56420.0,2026-05-20
POI-000536,PO-00153,PRD-011,FAN-BLDC-1200,Zephyr Smart Eco BLDC 1200mm 28W Fan,29,2200.0,63800.0,2026-05-20
POI-000537,PO-00153,PRD-030,MCB-DP-32A,ElectroSafe 32A Double Pole Main Isolator MCB,81,220.0,17820.0,2026-05-20
POI-000538,PO-00154,PRD-031,RCCB-4P-40A,ElectroSafe 40A 4-Pole 30mA Earth Leakage RCCB,50,1250.0,62500.0,2026-05-25
POI-000539,PO-00154,PRD-001,LED-BULB-09W,EcoGlow LED Bulb 9W Cool Day White,409,42.0,17178.0,2026-05-25
POI-000540,PO-00154,PRD-034,EXT-SPIKE-4W,Vardhman 4-Socket 2M Surge Protector Spike Strip,105,210.0,22050.0,2026-05-25
POI-000541,PO-00154,PRD-019,PLT-MOD-4M,MaxVolt 4-Module Sleek White Faceplate,261,48.0,12528.0,2026-05-25
POI-000542,PO-00155,PRD-001,LED-BULB-09W,EcoGlow LED Bulb 9W Cool Day White,489,42.0,20538.0,2026-05-24
POI-000543,PO-00155,PRD-027,MCB-SP-10A,ElectroSafe 10A Single Pole C-Curve MCB,339,82.0,27798.0,2026-05-24
POI-000544,PO-00155,PRD-034,EXT-SPIKE-4W,Vardhman 4-Socket 2M Surge Protector Spike Strip,194,210.0,40740.0,2026-05-24
POI-000545,PO-00155,PRD-035,CON-PVC-25MM,Kiran Rigid PVC 25mm Electrical Conduit Pipe (3m),823,38.0,31274.0,2026-05-24
POI-000546,PO-00155,PRD-038,TST-VOLT-DIG,MaxVolt Digital AC Voltage & Continuity Tester Pen,91,90.0,8190.0,2026-05-24
POI-000547,PO-00156,PRD-015,SW-MOD-16A,MaxVolt Alpha 16A Power Switch,708,42.0,29736.0,2026-06-03
POI-000548,PO-00156,PRD-020,PLT-MOD-8M,MaxVolt 8-Module Double Row Faceplate,127,85.0,10795.0,2026-06-03
POI-000549,PO-00156,PRD-003,LED-BULB-18W,Lumina Ultra Bright 18W LED Bulb,204,95.0,19380.0,2026-06-03
POI-000550,PO-00156,PRD-006,LED-PNL-15W,EcoGlow 15W Slim Round Downlight Panel,194,160.0,31040.0,2026-06-03
POI-000551,PO-00156,PRD-033,DB-TPN-04W,ElectroSafe 4-Way TPN Vertical Phase DB,38,1650.0,62700.0,2026-06-03
POI-000552,PO-00157,PRD-033,DB-TPN-04W,ElectroSafe 4-Way TPN Vertical Phase DB,12,1650.0,19800.0,2026-06-10
POI-000553,PO-00157,PRD-016,SOC-MOD-6A,MaxVolt 3-Pin 6A Shuttered Safety Socket,376,36.0,13536.0,2026-06-10
POI-000554,PO-00157,PRD-022,WIR-FR-150,Orbit FlexiSafe 1.5 sq mm Copper Wire (90m),85,1250.0,106250.0,2026-06-10
POI-000555,PO-00158,PRD-012,FAN-EXH-150,Zephyr FreshAir 150mm Kitchen Exhaust Fan,63,620.0,39060.0,2026-06-11
POI-000556,PO-00158,PRD-023,WIR-FR-250,Orbit FlexiSafe 2.5 sq mm Copper Wire (90m),177,1950.0,345150.0,2026-06-11
POI-000557,PO-00158,PRD-036,TAP-ELEC-BLK,Vardhman Heavy Duty Insulation Tape Roll Black,535,7.5,4012.5,2026-06-11
POI-000558,PO-00159,PRD-032,DB-SPN-08W,ElectroSafe 8-Way SPN Metal Enclosure Distribution Board,81,450.0,36450.0,2026-07-04
POI-000559,PO-00159,PRD-030,MCB-DP-32A,ElectroSafe 32A Double Pole Main Isolator MCB,116,220.0,25520.0,2026-07-04
POI-000560,PO-00159,PRD-027,MCB-SP-10A,ElectroSafe 10A Single Pole C-Curve MCB,181,82.0,14842.0,2026-07-04
POI-000561,PO-00160,PRD-017,SOC-MOD-16A,MaxVolt 6/16A Universal Power Socket,278,65.0,18070.0,2026-07-14
POI-000562,PO-00160,PRD-034,EXT-SPIKE-4W,Vardhman 4-Socket 2M Surge Protector Spike Strip,55,210.0,11550.0,2026-07-14
POI-000563,PO-00160,PRD-036,TAP-ELEC-BLK,Vardhman Heavy Duty Insulation Tape Roll Black,1467,7.5,11002.5,2026-07-14
POI-000564,PO-00161,PRD-004,LED-BAT-20W,Lumina Slimline 20W LED Batten Tube Light,367,145.0,53215.0,2026-07-21
POI-000565,PO-00161,PRD-007,LED-PNL-24W,EcoGlow 24W 2x2 Square Ceiling Panel,154,520.0,80080.0,2026-07-21
POI-000566,PO-00161,PRD-036,TAP-ELEC-BLK,Vardhman Heavy Duty Insulation Tape Roll Black,424,7.5,3180.0,2026-07-21
POI-000567,PO-00162,PRD-001,LED-BULB-09W,EcoGlow LED Bulb 9W Cool Day White,645,42.0,27090.0,2026-07-27
POI-000568,PO-00162,PRD-007,LED-PNL-24W,EcoGlow 24W 2x2 Square Ceiling Panel,55,520.0,28600.0,2026-07-27
POI-000569,PO-00162,PRD-018,REG-MOD-FAN,MaxVolt 4-Step Capacitive Fan Regulator,292,140.0,40880.0,2026-07-27
POI-000570,PO-00162,PRD-033,DB-TPN-04W,ElectroSafe 4-Way TPN Vertical Phase DB,33,1650.0,54450.0,2026-07-27
POI-000571,PO-00162,PRD-030,MCB-DP-32A,ElectroSafe 32A Double Pole Main Isolator MCB,169,220.0,37180.0,2026-07-27
POI-000572,PO-00163,PRD-030,MCB-DP-32A,ElectroSafe 32A Double Pole Main Isolator MCB,113,220.0,24860.0,2026-08-02
POI-000573,PO-00163,PRD-012,FAN-EXH-150,Zephyr FreshAir 150mm Kitchen Exhaust Fan,129,620.0,79980.0,2026-08-02
POI-000574,PO-00163,PRD-021,WIR-FR-100,Orbit FlexiSafe 1.0 sq mm Copper Wire (90m),131,880.0,115280.0,2026-08-02
POI-000575,PO-00164,PRD-027,MCB-SP-10A,ElectroSafe 10A Single Pole C-Curve MCB,322,82.0,26404.0,2026-08-10
POI-000576,PO-00164,PRD-004,LED-BAT-20W,Lumina Slimline 20W LED Batten Tube Light,108,145.0,15660.0,2026-08-10
POI-000577,PO-00164,PRD-012,FAN-EXH-150,Zephyr FreshAir 150mm Kitchen Exhaust Fan,55,620.0,34100.0,2026-08-10
POI-000578,PO-00164,PRD-031,RCCB-4P-40A,ElectroSafe 40A 4-Pole 30mA Earth Leakage RCCB,46,1250.0,57500.0,2026-08-10
POI-000579,PO-00164,PRD-034,EXT-SPIKE-4W,Vardhman 4-Socket 2M Surge Protector Spike Strip,74,210.0,15540.0,2026-08-10
POI-000580,PO-00165,PRD-011,FAN-BLDC-1200,Zephyr Smart Eco BLDC 1200mm 28W Fan,100,2200.0,220000.0,2026-08-15
POI-000581,PO-00165,PRD-033,DB-TPN-04W,ElectroSafe 4-Way TPN Vertical Phase DB,25,1650.0,41250.0,2026-08-15
POI-000582,PO-00166,PRD-032,DB-SPN-08W,ElectroSafe 8-Way SPN Metal Enclosure Distribution Board,28,450.0,12600.0,2026-08-18
POI-000583,PO-00166,PRD-018,REG-MOD-FAN,MaxVolt 4-Step Capacitive Fan Regulator,170,140.0,23800.0,2026-08-18
POI-000584,PO-00166,PRD-025,WIR-FR-600,Orbit MainLine 6.0 sq mm Copper Wire (90m),33,4600.0,151800.0,2026-08-18
POI-000585,PO-00166,PRD-001,LED-BULB-09W,EcoGlow LED Bulb 9W Cool Day White,388,42.0,16296.0,2026-08-18
POI-000586,PO-00166,PRD-031,RCCB-4P-40A,ElectroSafe 40A 4-Pole 30mA Earth Leakage RCCB,34,1250.0,42500.0,2026-08-18
POI-000587,PO-00167,PRD-022,WIR-FR-150,Orbit FlexiSafe 1.5 sq mm Copper Wire (90m),150,1250.0,187500.0,2026-08-26
POI-000588,PO-00167,PRD-013,FAN-WALL-400,Zephyr High Airflow 400mm Wall Fan,44,1480.0,65120.0,2026-08-26
POI-000589,PO-00167,PRD-009,INC-BLB-60W,Classic 60W Incandescent Filament Bulb,50,12.0,600.0,2026-08-26
POI-000590,PO-00167,PRD-016,SOC-MOD-6A,MaxVolt 3-Pin 6A Shuttered Safety Socket,880,36.0,31680.0,2026-08-26
POI-000591,PO-00167,PRD-036,TAP-ELEC-BLK,Vardhman Heavy Duty Insulation Tape Roll Black,1610,7.5,12075.0,2026-08-26
POI-000592,PO-00168,PRD-023,WIR-FR-250,Orbit FlexiSafe 2.5 sq mm Copper Wire (90m),147,1950.0,286650.0,2026-08-23
POI-000593,PO-00168,PRD-030,MCB-DP-32A,ElectroSafe 32A Double Pole Main Isolator MCB,73,220.0,16060.0,2026-08-23
POI-000594,PO-00169,PRD-013,FAN-WALL-400,Zephyr High Airflow 400mm Wall Fan,37,1480.0,54760.0,2026-09-01
POI-000595,PO-00169,PRD-031,RCCB-4P-40A,ElectroSafe 40A 4-Pole 30mA Earth Leakage RCCB,22,1250.0,27500.0,2026-09-01
POI-000596,PO-00170,PRD-011,FAN-BLDC-1200,Zephyr Smart Eco BLDC 1200mm 28W Fan,39,2200.0,85800.0,2026-09-11
POI-000597,PO-00170,PRD-007,LED-PNL-24W,EcoGlow 24W 2x2 Square Ceiling Panel,126,520.0,65520.0,2026-09-11
POI-000598,PO-00170,PRD-035,CON-PVC-25MM,Kiran Rigid PVC 25mm Electrical Conduit Pipe (3m),684,38.0,25992.0,2026-09-11
POI-000599,PO-00171,PRD-028,MCB-SP-16A,ElectroSafe 16A Single Pole C-Curve MCB,341,85.0,28985.0,2026-09-18
POI-000600,PO-00171,PRD-022,WIR-FR-150,Orbit FlexiSafe 1.5 sq mm Copper Wire (90m),87,1250.0,108750.0,2026-09-18
POI-000601,PO-00172,PRD-022,WIR-FR-150,Orbit FlexiSafe 1.5 sq mm Copper Wire (90m),53,1250.0,66250.0,2026-09-17
POI-000602,PO-00172,PRD-015,SW-MOD-16A,MaxVolt Alpha 16A Power Switch,713,42.0,29946.0,2026-09-17
POI-000603,PO-00173,PRD-008,LED-FL-50W,Lumina Outdoor 50W Waterproof Flood Light,76,650.0,49400.0,2026-09-25
POI-000604,PO-00173,PRD-002,LED-BULB-12W,EcoGlow LED Bulb 12W Cool Day White,565,58.0,32770.0,2026-09-25
POI-000605,PO-00174,PRD-008,LED-FL-50W,Lumina Outdoor 50W Waterproof Flood Light,97,650.0,63050.0,2026-10-01
POI-000606,PO-00174,PRD-019,PLT-MOD-4M,MaxVolt 4-Module Sleek White Faceplate,469,48.0,22512.0,2026-10-01
