expense_id,expense_date,branch_id,category,amount,description,payment_mode,status
EXP-000001,2024-01-01,BR-01,Rent,75000.0,Monthly Commercial Showroom Lease Rent,Bank Transfer,Paid
EXP-000002,2024-01-01,BR-02,Rent,45000.0,Monthly Commercial Showroom Lease Rent,Bank Transfer,Paid
EXP-000003,2024-01-01,BR-03,Rent,35000.0,Monthly Commercial Showroom Lease Rent,Bank Transfer,Paid
EXP-000004,2024-01-05,BR-01,Salaries,160000.0,Staff Monthly Payroll (5 Employees),Bank Transfer,Paid
EXP-000005,2024-01-05,BR-02,Salaries,96000.0,Staff Monthly Payroll (3 Employees),Bank Transfer,Paid
EXP-000006,2024-01-05,BR-03,Salaries,96000.0,Staff Monthly Payroll (3 Employees),Bank Transfer,Paid
EXP-000007,2024-01-07,BR-01,Staff Refreshments & Tea,571.6,Operational petty cash expense,Cash / UPI,Paid
EXP-000008,2024-01-08,BR-01,Staff Refreshments & Tea,524.62,Operational petty cash expense,Cash / UPI,Paid
EXP-000009,2024-01-10,BR-01,Electricity & Utilities,14820.05,TANGEDCO / BESCOM Commercial Electricity Bill,Online Banking,Paid
EXP-000010,2024-01-10,BR-02,Electricity & Utilities,11819.54,TANGEDCO / BESCOM Commercial Electricity Bill,Online Banking,Paid
EXP-000011,2024-01-10,BR-03,Electricity & Utilities,15973.99,TANGEDCO / BESCOM Commercial Electricity Bill,Online Banking,Paid
EXP-000012,2024-01-19,BR-01,Staff Refreshments & Tea,810.3,Operational petty cash expense,Cash / UPI,Paid
EXP-000013,2024-01-20,BR-02,Office Supplies & Printing,1519.86,Operational petty cash expense,Cash / UPI,Paid
EXP-000014,2024-01-28,BR-01,Minor Maintenance & Repair,1027.1,Operational petty cash expense,Cash / UPI,Paid
EXP-000015,2024-02-01,BR-01,Rent,75000.0,Monthly Commercial Showroom Lease Rent,Bank Transfer,Paid
EXP-000016,2024-02-01,BR-02,Rent,45000.0,Monthly Commercial Showroom Lease Rent,Bank Transfer,Paid
EXP-000017,2024-02-01,BR-03,Rent,35000.0,Monthly Commercial Showroom Lease Rent,Bank Transfer,Paid
EXP-000018,2024-02-05,BR-01,Salaries,160000.0,Staff Monthly Payroll (5 Employees),Bank Transfer,Paid
EXP-000019,2024-02-05,BR-02,Salaries,96000.0,Staff Monthly Payroll (3 Employees),Bank Transfer,Paid
EXP-000020,2024-02-05,BR-03,Salaries,96000.0,Staff Monthly Payroll (3 Employees),Bank Transfer,Paid
EXP-000021,2024-02-10,BR-01,Electricity & Utilities,12787.4,TANGEDCO / BESCOM Commercial Electricity Bill,Online Banking,Paid
EXP-000022,2024-02-10,BR-02,Electricity & Utilities,16217.08,TANGEDCO / BESCOM Commercial Electricity Bill,Online Banking,Paid
EXP-000023,2024-02-10,BR-03,Electricity & Utilities,10161.09,TANGEDCO / BESCOM Commercial Electricity Bill,Online Banking,Paid
EXP-000024,2024-02-11,BR-01,Staff Refreshments & Tea,2044.09,Operational petty cash expense,Cash / UPI,Paid
EXP-000025,2024-02-13,BR-01,Minor Maintenance & Repair,1077.35,Operational petty cash expense,Cash / UPI,Paid
EXP-000026,2024-02-17,BR-03,Minor Maintenance & Repair,580.66,Operational petty cash expense,Cash / UPI,Paid
EXP-000027,2024-02-21,BR-03,Vehicle Fuel & Freight,967.29,Operational petty cash expense,Cash / UPI,Paid
EXP-000028,2024-02-23,BR-01,Vehicle Fuel & Freight,1144.18,Operational petty cash expense,Cash / UPI,Paid
EXP-000029,2024-02-26,BR-01,Office Supplies & Printing,2341.84,Operational petty cash expense,Cash / UPI,Paid
EXP-000030,2024-03-01,BR-01,Rent,75000.0,Monthly Commercial Showroom Lease Rent,Bank Transfer,Paid
EXP-000031,2024-03-01,BR-02,Rent,45000.0,Monthly Commercial Showroom Lease Rent,Bank Transfer,Paid
EXP-000032,2024-03-01,BR-03,Rent,35000.0,Monthly Commercial Showroom Lease Rent,Bank Transfer,Paid
EXP-000033,2024-03-02,BR-01,Vehicle Fuel & Freight,2234.31,Operational petty cash expense,Cash / UPI,Paid
EXP-000034,2024-03-05,BR-01,Salaries,160000.0,Staff Monthly Payroll (5 Employees),Bank Transfer,Paid
EXP-000035,2024-03-05,BR-02,Salaries,96000.0,Staff Monthly Payroll (3 Employees),Bank Transfer,Paid
EXP-000036,2024-03-05,BR-03,Salaries,96000.0,Staff Monthly Payroll (3 Employees),Bank Transfer,Paid
EXP-000037,2024-03-07,BR-01,Staff Refreshments & Tea,736.57,Operational petty cash expense,Cash / UPI,Paid
EXP-000038,2024-03-10,BR-01,Electricity & Utilities,13404.31,TANGEDCO / BESCOM Commercial Electricity Bill,Online Banking,Paid
EXP-000039,2024-03-10,BR-02,Electricity & Utilities,11080.8,TANGEDCO / BESCOM Commercial Electricity Bill,Online Banking,Paid
EXP-000040,2024-03-10,BR-03,Electricity & Utilities,13627.23,TANGEDCO / BESCOM Commercial Electricity Bill,Online Banking,Paid
EXP-000041,2024-03-10,BR-03,Vehicle Fuel & Freight,439.74,Operational petty cash expense,Cash / UPI,Paid
EXP-000042,2024-03-14,BR-01,Office Supplies & Printing,2118.3,Operational petty cash expense,Cash / UPI,Paid
EXP-000043,2024-04-01,BR-01,Rent,75000.0,Monthly Commercial Showroom Lease Rent,Bank Transfer,Paid
EXP-000044,2024-04-01,BR-02,Rent,45000.0,Monthly Commercial Showroom Lease Rent,Bank Transfer,Paid
EXP-000045,2024-04-01,BR-03,Rent,35000.0,Monthly Commercial Showroom Lease Rent,Bank Transfer,Paid
EXP-000046,2024-04-02,BR-03,Staff Refreshments & Tea,1164.99,Operational petty cash expense,Cash / UPI,Paid
EXP-000047,2024-04-05,BR-01,Salaries,160000.0,Staff Monthly Payroll (5 Employees),Bank Transfer,Paid
EXP-000048,2024-04-05,BR-02,Salaries,96000.0,Staff Monthly Payroll (3 Employees),Bank Transfer,Paid
EXP-000049,2024-04-05,BR-03,Salaries,96000.0,Staff Monthly Payroll (3 Employees),Bank Transfer,Paid
EXP-000050,2024-04-05,BR-02,Staff Refreshments & Tea,703.02,Operational petty cash expense,Cash / UPI,Paid
EXP-000051,2024-04-10,BR-01,Electricity & Utilities,9403.69,TANGEDCO / BESCOM Commercial Electricity Bill,Online Banking,Paid
EXP-000052,2024-04-10,BR-02,Electricity & Utilities,12865.96,TANGEDCO / BESCOM Commercial Electricity Bill,Online Banking,Paid
EXP-000053,2024-04-10,BR-03,Electricity & Utilities,12298.83,TANGEDCO / BESCOM Commercial Electricity Bill,Online Banking,Paid
EXP-000054,2024-04-10,BR-02,Office Supplies & Printing,1094.15,Operational petty cash expense,Cash / UPI,Paid
EXP-000055,2024-04-11,BR-01,Office Supplies & Printing,1408.55,Operational petty cash expense,Cash / UPI,Paid
EXP-000056,2024-04-12,BR-01,Minor Maintenance & Repair,2257.17,Operational petty cash expense,Cash / UPI,Paid
EXP-000057,2024-04-14,BR-02,Office Supplies & Printing,2061.66,Operational petty cash expense,Cash / UPI,Paid
EXP-000058,2024-04-18,BR-01,Office Supplies & Printing,2217.52,Operational petty cash expense,Cash / UPI,Paid
EXP-000059,2024-04-25,BR-03,Staff Refreshments & Tea,1078.55,Operational petty cash expense,Cash / UPI,Paid
EXP-000060,2024-04-27,BR-01,Staff Refreshments & Tea,753.12,Operational petty cash expense,Cash / UPI,Paid
EXP-000061,2024-05-01,BR-01,Rent,75000.0,Monthly Commercial Showroom Lease Rent,Bank Transfer,Paid
EXP-000062,2024-05-01,BR-02,Rent,45000.0,Monthly Commercial Showroom Lease Rent,Bank Transfer,Paid
EXP-000063,2024-05-01,BR-03,Rent,35000.0,Monthly Commercial Showroom Lease Rent,Bank Transfer,Paid
EXP-000064,2024-05-04,BR-03,Office Supplies & Printing,730.56,Operational petty cash expense,Cash / UPI,Paid
EXP-000065,2024-05-05,BR-01,Salaries,160000.0,Staff Monthly Payroll (5 Employees),Bank Transfer,Paid
EXP-000066,2024-05-05,BR-02,Salaries,96000.0,Staff Monthly Payroll (3 Employees),Bank Transfer,Paid
EXP-000067,2024-05-05,BR-03,Salaries,96000.0,Staff Monthly Payroll (3 Employees),Bank Transfer,Paid
EXP-000068,2024-05-05,BR-01,Staff Refreshments & Tea,2365.04,Operational petty cash expense,Cash / UPI,Paid
EXP-000069,2024-05-06,BR-02,Minor Maintenance & Repair,1920.93,Operational petty cash expense,Cash / UPI,Paid
EXP-000070,2024-05-10,BR-01,Electricity & Utilities,15072.54,TANGEDCO / BESCOM Commercial Electricity Bill,Online Banking,Paid
EXP-000071,2024-05-10,BR-02,Electricity & Utilities,11030.88,TANGEDCO / BESCOM Commercial Electricity Bill,Online Banking,Paid
EXP-000072,2024-05-10,BR-03,Electricity & Utilities,14802.27,TANGEDCO / BESCOM Commercial Electricity Bill,Online Banking,Paid
EXP-000073,2024-05-11,BR-02,Minor Maintenance & Repair,1379.57,Operational petty cash expense,Cash / UPI,Paid
EXP-000074,2024-05-13,BR-02,Staff Refreshments & Tea,961.62,Operational petty cash expense,Cash / UPI,Paid
EXP-000075,2024-05-16,BR-03,Minor Maintenance & Repair,1105.71,Operational petty cash expense,Cash / UPI,Paid
EXP-000076,2024-05-17,BR-02,Vehicle Fuel & Freight,1398.66,Operational petty cash expense,Cash / UPI,Paid
EXP-000077,2024-05-19,BR-01,Office Supplies & Printing,1006.52,Operational petty cash expense,Cash / UPI,Paid
EXP-000078,2024-05-21,BR-02,Vehicle Fuel & Freight,2360.11,Operational petty cash expense,Cash / UPI,Paid
EXP-000079,2024-05-28,BR-01,Minor Maintenance & Repair,1980.65,Operational petty cash expense,Cash / UPI,Paid
EXP-000080,2024-06-01,BR-01,Rent,75000.0,Monthly Commercial Showroom Lease Rent,Bank Transfer,Paid
EXP-000081,2024-06-01,BR-02,Rent,45000.0,Monthly Commercial Showroom Lease Rent,Bank Transfer,Paid
EXP-000082,2024-06-01,BR-03,Rent,35000.0,Monthly Commercial Showroom Lease Rent,Bank Transfer,Paid
EXP-000083,2024-06-04,BR-02,Staff Refreshments & Tea,360.44,Operational petty cash expense,Cash / UPI,Paid
EXP-000084,2024-06-05,BR-01,Salaries,160000.0,Staff Monthly Payroll (5 Employees),Bank Transfer,Paid
EXP-000085,2024-06-05,BR-02,Salaries,96000.0,Staff Monthly Payroll (3 Employees),Bank Transfer,Paid
EXP-000086,2024-06-05,BR-03,Salaries,96000.0,Staff Monthly Payroll (3 Employees),Bank Transfer,Paid
EXP-000087,2024-06-09,BR-03,Office Supplies & Printing,824.99,Operational petty cash expense,Cash / UPI,Paid
EXP-000088,2024-06-10,BR-01,Electricity & Utilities,16083.98,TANGEDCO / BESCOM Commercial Electricity Bill,Online Banking,Paid
EXP-000089,2024-06-10,BR-02,Electricity & Utilities,15734.59,TANGEDCO / BESCOM Commercial Electricity Bill,Online Banking,Paid
EXP-000090,2024-06-10,BR-03,Electricity & Utilities,14124.73,TANGEDCO / BESCOM Commercial Electricity Bill,Online Banking,Paid
EXP-000091,2024-06-11,BR-01,Minor Maintenance & Repair,720.22,Operational petty cash expense,Cash / UPI,Paid
EXP-000092,2024-06-23,BR-02,Staff Refreshments & Tea,1380.73,Operational petty cash expense,Cash / UPI,Paid
EXP-000093,2024-07-01,BR-01,Rent,75000.0,Monthly Commercial Showroom Lease Rent,Bank Transfer,Paid
EXP-000094,2024-07-01,BR-02,Rent,45000.0,Monthly Commercial Showroom Lease Rent,Bank Transfer,Paid
EXP-000095,2024-07-01,BR-03,Rent,35000.0,Monthly Commercial Showroom Lease Rent,Bank Transfer,Paid
EXP-000096,2024-07-04,BR-02,Staff Refreshments & Tea,757.92,Operational petty cash expense,Cash / UPI,Paid
EXP-000097,2024-07-05,BR-01,Salaries,160000.0,Staff Monthly Payroll (5 Employees),Bank Transfer,Paid
EXP-000098,2024-07-05,BR-02,Salaries,96000.0,Staff Monthly Payroll (3 Employees),Bank Transfer,Paid
EXP-000099,2024-07-05,BR-03,Salaries,96000.0,Staff Monthly Payroll (3 Employees),Bank Transfer,Paid
EXP-000100,2024-07-05,BR-01,Vehicle Fuel & Freight,403.76,Operational petty cash expense,Cash / UPI,Paid
EXP-000101,2024-07-07,BR-01,Vehicle Fuel & Freight,683.91,Operational petty cash expense,Cash / UPI,Paid
EXP-000102,2024-07-09,BR-03,Office Supplies & Printing,1164.99,Operational petty cash expense,Cash / UPI,Paid
EXP-000103,2024-07-10,BR-01,Electricity & Utilities,14417.24,TANGEDCO / BESCOM Commercial Electricity Bill,Online Banking,Paid
EXP-000104,2024-07-10,BR-02,Electricity & Utilities,16054.73,TANGEDCO / BESCOM Commercial Electricity Bill,Online Banking,Paid
EXP-000105,2024-07-10,BR-03,Electricity & Utilities,9714.77,TANGEDCO / BESCOM Commercial Electricity Bill,Online Banking,Paid
EXP-000106,2024-07-14,BR-02,Vehicle Fuel & Freight,1423.93,Operational petty cash expense,Cash / UPI,Paid
EXP-000107,2024-07-15,BR-01,Staff Refreshments & Tea,2178.79,Operational petty cash expense,Cash / UPI,Paid
EXP-000108,2024-07-21,BR-03,Office Supplies & Printing,659.63,Operational petty cash expense,Cash / UPI,Paid
EXP-000109,2024-07-28,BR-02,Staff Refreshments & Tea,844.83,Operational petty cash expense,Cash / UPI,Paid
EXP-000110,2024-07-30,BR-02,Minor Maintenance & Repair,925.71,Operational petty cash expense,Cash / UPI,Paid
EXP-000111,2024-08-01,BR-01,Rent,75000.0,Monthly Commercial Showroom Lease Rent,Bank Transfer,Paid
EXP-000112,2024-08-01,BR-02,Rent,45000.0,Monthly Commercial Showroom Lease Rent,Bank Transfer,Paid
EXP-000113,2024-08-01,BR-03,Rent,35000.0,Monthly Commercial Showroom Lease Rent,Bank Transfer,Paid
EXP-000114,2024-08-05,BR-01,Salaries,160000.0,Staff Monthly Payroll (5 Employees),Bank Transfer,Paid
EXP-000115,2024-08-05,BR-02,Salaries,96000.0,Staff Monthly Payroll (3 Employees),Bank Transfer,Paid
EXP-000116,2024-08-05,BR-03,Salaries,96000.0,Staff Monthly Payroll (3 Employees),Bank Transfer,Paid
EXP-000117,2024-08-07,BR-01,Vehicle Fuel & Freight,512.88,Operational petty cash expense,Cash / UPI,Paid
EXP-000118,2024-08-10,BR-01,Electricity & Utilities,15021.74,TANGEDCO / BESCOM Commercial Electricity Bill,Online Banking,Paid
EXP-000119,2024-08-10,BR-02,Electricity & Utilities,12778.47,TANGEDCO / BESCOM Commercial Electricity Bill,Online Banking,Paid
EXP-000120,2024-08-10,BR-03,Electricity & Utilities,12329.52,TANGEDCO / BESCOM Commercial Electricity Bill,Online Banking,Paid
EXP-000121,2024-08-11,BR-02,Minor Maintenance & Repair,562.32,Operational petty cash expense,Cash / UPI,Paid
EXP-000122,2024-08-13,BR-01,Vehicle Fuel & Freight,1752.34,Operational petty cash expense,Cash / UPI,Paid
EXP-000123,2024-08-20,BR-01,Office Supplies & Printing,2143.4,Operational petty cash expense,Cash / UPI,Paid
EXP-000124,2024-08-22,BR-02,Minor Maintenance & Repair,1460.01,Operational petty cash expense,Cash / UPI,Paid
EXP-000125,2024-08-27,BR-03,Staff Refreshments & Tea,732.53,Operational petty cash expense,Cash / UPI,Paid
EXP-000126,2024-08-30,BR-01,Staff Refreshments & Tea,1689.31,Operational petty cash expense,Cash / UPI,Paid
EXP-000127,2024-09-01,BR-01,Rent,75000.0,Monthly Commercial Showroom Lease Rent,Bank Transfer,Paid
EXP-000128,2024-09-01,BR-02,Rent,45000.0,Monthly Commercial Showroom Lease Rent,Bank Transfer,Paid
EXP-000129,2024-09-01,BR-03,Rent,35000.0,Monthly Commercial Showroom Lease Rent,Bank Transfer,Paid
EXP-000130,2024-09-02,BR-01,Vehicle Fuel & Freight,2126.8,Operational petty cash expense,Cash / UPI,Paid
EXP-000131,2024-09-05,BR-01,Salaries,160000.0,Staff Monthly Payroll (5 Employees),Bank Transfer,Paid
EXP-000132,2024-09-05,BR-02,Salaries,96000.0,Staff Monthly Payroll (3 Employees),Bank Transfer,Paid
EXP-000133,2024-09-05,BR-03,Salaries,96000.0,Staff Monthly Payroll (3 Employees),Bank Transfer,Paid
EXP-000134,2024-09-05,BR-02,Office Supplies & Printing,2161.02,Operational petty cash expense,Cash / UPI,Paid
EXP-000135,2024-09-08,BR-01,Vehicle Fuel & Freight,1229.28,Operational petty cash expense,Cash / UPI,Paid
EXP-000136,2024-09-10,BR-01,Electricity & Utilities,11933.9,TANGEDCO / BESCOM Commercial Electricity Bill,Online Banking,Paid
EXP-000137,2024-09-10,BR-02,Electricity & Utilities,10944.02,TANGEDCO / BESCOM Commercial Electricity Bill,Online Banking,Paid
EXP-000138,2024-09-10,BR-03,Electricity & Utilities,11439.42,TANGEDCO / BESCOM Commercial Electricity Bill,Online Banking,Paid
EXP-000139,2024-09-15,BR-02,Office Supplies & Printing,679.88,Operational petty cash expense,Cash / UPI,Paid
EXP-000140,2024-09-21,BR-03,Vehicle Fuel & Freight,1444.29,Operational petty cash expense,Cash / UPI,Paid
EXP-000141,2024-09-24,BR-01,Staff Refreshments & Tea,1299.39,Operational petty cash expense,Cash / UPI,Paid
EXP-000142,2024-10-01,BR-01,Rent,75000.0,Monthly Commercial Showroom Lease Rent,Bank Transfer,Paid
EXP-000143,2024-10-01,BR-02,Rent,45000.0,Monthly Commercial Showroom Lease Rent,Bank Transfer,Paid
EXP-000144,2024-10-01,BR-03,Rent,35000.0,Monthly Commercial Showroom Lease Rent,Bank Transfer,Paid
EXP-000145,2024-10-03,BR-03,Staff Refreshments & Tea,1198.94,Operational petty cash expense,Cash / UPI,Paid
EXP-000146,2024-10-05,BR-01,Salaries,160000.0,Staff Monthly Payroll (5 Employees),Bank Transfer,Paid
EXP-000147,2024-10-05,BR-02,Salaries,96000.0,Staff Monthly Payroll (3 Employees),Bank Transfer,Paid
EXP-000148,2024-10-05,BR-03,Salaries,96000.0,Staff Monthly Payroll (3 Employees),Bank Transfer,Paid
EXP-000149,2024-10-06,BR-01,Vehicle Fuel & Freight,1009.62,Operational petty cash expense,Cash / UPI,Paid
EXP-000150,2024-10-10,BR-01,Electricity & Utilities,15009.06,TANGEDCO / BESCOM Commercial Electricity Bill,Online Banking,Paid
EXP-000151,2024-10-10,BR-02,Electricity & Utilities,9592.41,TANGEDCO / BESCOM Commercial Electricity Bill,Online Banking,Paid
EXP-000152,2024-10-10,BR-03,Electricity & Utilities,13336.81,TANGEDCO / BESCOM Commercial Electricity Bill,Online Banking,Paid
EXP-000153,2024-10-15,BR-03,Vehicle Fuel & Freight,422.66,Operational petty cash expense,Cash / UPI,Paid
EXP-000154,2024-10-30,BR-01,Vehicle Fuel & Freight,1337.32,Operational petty cash expense,Cash / UPI,Paid
EXP-000155,2024-11-01,BR-01,Rent,75000.0,Monthly Commercial Showroom Lease Rent,Bank Transfer,Paid
EXP-000156,2024-11-01,BR-02,Rent,45000.0,Monthly Commercial Showroom Lease Rent,Bank Transfer,Paid
EXP-000157,2024-11-01,BR-03,Rent,35000.0,Monthly Commercial Showroom Lease Rent,Bank Transfer,Paid
EXP-000158,2024-11-02,BR-02,Staff Refreshments & Tea,631.29,Operational petty cash expense,Cash / UPI,Paid
EXP-000159,2024-11-03,BR-02,Staff Refreshments & Tea,2194.85,Operational petty cash expense,Cash / UPI,Paid
EXP-000160,2024-11-04,BR-01,Staff Refreshments & Tea,815.63,Operational petty cash expense,Cash / UPI,Paid
EXP-000161,2024-11-05,BR-01,Salaries,160000.0,Staff Monthly Payroll (5 Employees),Bank Transfer,Paid
EXP-000162,2024-11-05,BR-02,Salaries,96000.0,Staff Monthly Payroll (3 Employees),Bank Transfer,Paid
EXP-000163,2024-11-05,BR-03,Salaries,96000.0,Staff Monthly Payroll (3 Employees),Bank Transfer,Paid
EXP-000164,2024-11-10,BR-01,Electricity & Utilities,10908.86,TANGEDCO / BESCOM Commercial Electricity Bill,Online Banking,Paid
EXP-000165,2024-11-10,BR-02,Electricity & Utilities,10476.47,TANGEDCO / BESCOM Commercial Electricity Bill,Online Banking,Paid
EXP-000166,2024-11-10,BR-03,Electricity & Utilities,12701.53,TANGEDCO / BESCOM Commercial Electricity Bill,Online Banking,Paid
EXP-000167,2024-11-10,BR-02,Office Supplies & Printing,546.07,Operational petty cash expense,Cash / UPI,Paid
EXP-000168,2024-11-15,BR-02,Staff Refreshments & Tea,1850.44,Operational petty cash expense,Cash / UPI,Paid
EXP-000169,2024-11-18,BR-03,Vehicle Fuel & Freight,483.78,Operational petty cash expense,Cash / UPI,Paid
EXP-000170,2024-11-21,BR-02,Minor Maintenance & Repair,468.51,Operational petty cash expense,Cash / UPI,Paid
EXP-000171,2024-11-30,BR-02,Office Supplies & Printing,2131.57,Operational petty cash expense,Cash / UPI,Paid
EXP-000172,2024-12-01,BR-01,Rent,75000.0,Monthly Commercial Showroom Lease Rent,Bank Transfer,Paid
EXP-000173,2024-12-01,BR-02,Rent,45000.0,Monthly Commercial Showroom Lease Rent,Bank Transfer,Paid
EXP-000174,2024-12-01,BR-03,Rent,35000.0,Monthly Commercial Showroom Lease Rent,Bank Transfer,Paid
EXP-000175,2024-12-01,BR-01,Vehicle Fuel & Freight,1113.5,Operational petty cash expense,Cash / UPI,Paid
EXP-000176,2024-12-04,BR-03,Minor Maintenance & Repair,2094.72,Operational petty cash expense,Cash / UPI,Paid
EXP-000177,2024-12-05,BR-01,Salaries,160000.0,Staff Monthly Payroll (5 Employees),Bank Transfer,Paid
EXP-000178,2024-12-05,BR-02,Salaries,96000.0,Staff Monthly Payroll (3 Employees),Bank Transfer,Paid
EXP-000179,2024-12-05,BR-03,Salaries,96000.0,Staff Monthly Payroll (3 Employees),Bank Transfer,Paid
EXP-000180,2024-12-07,BR-01,Staff Refreshments & Tea,1734.39,Operational petty cash expense,Cash / UPI,Paid
EXP-000181,2024-12-08,BR-02,Office Supplies & Printing,785.81,Operational petty cash expense,Cash / UPI,Paid
EXP-000182,2024-12-10,BR-01,Electricity & Utilities,10468.6,TANGEDCO / BESCOM Commercial Electricity Bill,Online Banking,Paid
EXP-000183,2024-12-10,BR-02,Electricity & Utilities,9709.35,TANGEDCO / BESCOM Commercial Electricity Bill,Online Banking,Paid
EXP-000184,2024-12-10,BR-03,Electricity & Utilities,13971.64,TANGEDCO / BESCOM Commercial Electricity Bill,Online Banking,Paid
EXP-000185,2024-12-10,BR-02,Office Supplies & Printing,496.81,Operational petty cash expense,Cash / UPI,Paid
EXP-000186,2024-12-13,BR-01,Staff Refreshments & Tea,846.08,Operational petty cash expense,Cash / UPI,Paid
EXP-000187,2024-12-19,BR-01,Office Supplies & Printing,485.23,Operational petty cash expense,Cash / UPI,Paid
EXP-000188,2024-12-20,BR-01,Vehicle Fuel & Freight,2357.93,Operational petty cash expense,Cash / UPI,Paid
EXP-000189,2024-12-27,BR-03,Office Supplies & Printing,1265.13,Operational petty cash expense,Cash / UPI,Paid
EXP-000190,2024-12-31,BR-01,Minor Maintenance & Repair,2381.77,Operational petty cash expense,Cash / UPI,Paid
EXP-000191,2025-01-01,BR-01,Rent,75000.0,Monthly Commercial Showroom Lease Rent,Bank Transfer,Paid
EXP-000192,2025-01-01,BR-02,Rent,45000.0,Monthly Commercial Showroom Lease Rent,Bank Transfer,Paid
EXP-000193,2025-01-01,BR-03,Rent,35000.0,Monthly Commercial Showroom Lease Rent,Bank Transfer,Paid
EXP-000194,2025-01-02,BR-01,Vehicle Fuel & Freight,1668.16,Operational petty cash expense,Cash / UPI,Paid
EXP-000195,2025-01-05,BR-01,Salaries,160000.0,Staff Monthly Payroll (5 Employees),Bank Transfer,Paid
EXP-000196,2025-01-05,BR-02,Salaries,96000.0,Staff Monthly Payroll (3 Employees),Bank Transfer,Paid
EXP-000197,2025-01-05,BR-03,Salaries,96000.0,Staff Monthly Payroll (3 Employees),Bank Transfer,Paid
EXP-000198,2025-01-05,BR-01,Staff Refreshments & Tea,1982.04,Operational petty cash expense,Cash / UPI,Paid
EXP-000199,2025-01-08,BR-02,Staff Refreshments & Tea,928.15,Operational petty cash expense,Cash / UPI,Paid
EXP-000200,2025-01-09,BR-01,Office Supplies & Printing,987.65,Operational petty cash expense,Cash / UPI,Paid
EXP-000201,2025-01-10,BR-01,Electricity & Utilities,12527.66,TANGEDCO / BESCOM Commercial Electricity Bill,Online Banking,Paid
EXP-000202,2025-01-10,BR-02,Electricity & Utilities,9507.57,TANGEDCO / BESCOM Commercial Electricity Bill,Online Banking,Paid
EXP-000203,2025-01-10,BR-03,Electricity & Utilities,13996.11,TANGEDCO / BESCOM Commercial Electricity Bill,Online Banking,Paid
EXP-000204,2025-01-11,BR-01,Staff Refreshments & Tea,2106.52,Operational petty cash expense,Cash / UPI,Paid
EXP-000205,2025-01-18,BR-01,Office Supplies & Printing,1983.37,Operational petty cash expense,Cash / UPI,Paid
EXP-000206,2025-01-23,BR-02,Minor Maintenance & Repair,419.23,Operational petty cash expense,Cash / UPI,Paid
EXP-000207,2025-01-24,BR-03,Office Supplies & Printing,696.01,Operational petty cash expense,Cash / UPI,Paid
EXP-000208,2025-01-25,BR-03,Minor Maintenance & Repair,990.05,Operational petty cash expense,Cash / UPI,Paid
EXP-000209,2025-01-26,BR-01,Office Supplies & Printing,1746.27,Operational petty cash expense,Cash / UPI,Paid
EXP-000210,2025-01-27,BR-03,Vehicle Fuel & Freight,1223.8,Operational petty cash expense,Cash / UPI,Paid
EXP-000211,2025-02-01,BR-01,Rent,75000.0,Monthly Commercial Showroom Lease Rent,Bank Transfer,Paid
EXP-000212,2025-02-01,BR-02,Rent,45000.0,Monthly Commercial Showroom Lease Rent,Bank Transfer,Paid
EXP-000213,2025-02-01,BR-03,Rent,35000.0,Monthly Commercial Showroom Lease Rent,Bank Transfer,Paid
EXP-000214,2025-02-02,BR-01,Minor Maintenance & Repair,570.85,Operational petty cash expense,Cash / UPI,Paid
EXP-000215,2025-02-05,BR-01,Salaries,160000.0,Staff Monthly Payroll (5 Employees),Bank Transfer,Paid
EXP-000216,2025-02-05,BR-02,Salaries,96000.0,Staff Monthly Payroll (3 Employees),Bank Transfer,Paid
EXP-000217,2025-02-05,BR-03,Salaries,96000.0,Staff Monthly Payroll (3 Employees),Bank Transfer,Paid
EXP-000218,2025-02-10,BR-01,Electricity & Utilities,9182.71,TANGEDCO / BESCOM Commercial Electricity Bill,Online Banking,Paid
EXP-000219,2025-02-10,BR-02,Electricity & Utilities,9015.12,TANGEDCO / BESCOM Commercial Electricity Bill,Online Banking,Paid
EXP-000220,2025-02-10,BR-03,Electricity & Utilities,13903.3,TANGEDCO / BESCOM Commercial Electricity Bill,Online Banking,Paid
EXP-000221,2025-02-20,BR-03,Vehicle Fuel & Freight,2353.06,Operational petty cash expense,Cash / UPI,Paid
EXP-000222,2025-02-21,BR-03,Office Supplies & Printing,1253.66,Operational petty cash expense,Cash / UPI,Paid
EXP-000223,2025-02-24,BR-01,Minor Maintenance & Repair,1653.11,Operational petty cash expense,Cash / UPI,Paid
EXP-000224,2025-02-25,BR-02,Staff Refreshments & Tea,1149.73,Operational petty cash expense,Cash / UPI,Paid
EXP-000225,2025-02-27,BR-03,Staff Refreshments & Tea,1072.11,Operational petty cash expense,Cash / UPI,Paid
EXP-000226,2025-03-01,BR-01,Rent,75000.0,Monthly Commercial Showroom Lease Rent,Bank Transfer,Paid
EXP-000227,2025-03-01,BR-02,Rent,45000.0,Monthly Commercial Showroom Lease Rent,Bank Transfer,Paid
EXP-000228,2025-03-01,BR-03,Rent,35000.0,Monthly Commercial Showroom Lease Rent,Bank Transfer,Paid
EXP-000229,2025-03-05,BR-01,Salaries,160000.0,Staff Monthly Payroll (5 Employees),Bank Transfer,Paid
EXP-000230,2025-03-05,BR-02,Salaries,96000.0,Staff Monthly Payroll (3 Employees),Bank Transfer,Paid
EXP-000231,2025-03-05,BR-03,Salaries,96000.0,Staff Monthly Payroll (3 Employees),Bank Transfer,Paid
EXP-000232,2025-03-10,BR-01,Electricity & Utilities,15784.52,TANGEDCO / BESCOM Commercial Electricity Bill,Online Banking,Paid
EXP-000233,2025-03-10,BR-02,Electricity & Utilities,15248.7,TANGEDCO / BESCOM Commercial Electricity Bill,Online Banking,Paid
EXP-000234,2025-03-10,BR-03,Electricity & Utilities,12894.51,TANGEDCO / BESCOM Commercial Electricity Bill,Online Banking,Paid
EXP-000235,2025-03-10,BR-03,Staff Refreshments & Tea,1291.72,Operational petty cash expense,Cash / UPI,Paid
EXP-000236,2025-03-19,BR-03,Minor Maintenance & Repair,615.43,Operational petty cash expense,Cash / UPI,Paid
EXP-000237,2025-03-22,BR-02,Office Supplies & Printing,1484.75,Operational petty cash expense,Cash / UPI,Paid
EXP-000238,2025-04-01,BR-01,Rent,75000.0,Monthly Commercial Showroom Lease Rent,Bank Transfer,Paid
EXP-000239,2025-04-01,BR-02,Rent,45000.0,Monthly Commercial Showroom Lease Rent,Bank Transfer,Paid
EXP-000240,2025-04-01,BR-03,Rent,35000.0,Monthly Commercial Showroom Lease Rent,Bank Transfer,Paid
EXP-000241,2025-04-05,BR-01,Salaries,160000.0,Staff Monthly Payroll (5 Employees),Bank Transfer,Paid
EXP-000242,2025-04-05,BR-02,Salaries,96000.0,Staff Monthly Payroll (3 Employees),Bank Transfer,Paid
EXP-000243,2025-04-05,BR-03,Salaries,96000.0,Staff Monthly Payroll (3 Employees),Bank Transfer,Paid
EXP-000244,2025-04-07,BR-02,Staff Refreshments & Tea,2294.29,Operational petty cash expense,Cash / UPI,Paid
EXP-000245,2025-04-10,BR-01,Electricity & Utilities,12878.64,TANGEDCO / BESCOM Commercial Electricity Bill,Online Banking,Paid
EXP-000246,2025-04-10,BR-02,Electricity & Utilities,8897.3,TANGEDCO / BESCOM Commercial Electricity Bill,Online Banking,Paid
EXP-000247,2025-04-10,BR-03,Electricity & Utilities,9200.73,TANGEDCO / BESCOM Commercial Electricity Bill,Online Banking,Paid
EXP-000248,2025-04-12,BR-01,Staff Refreshments & Tea,712.11,Operational petty cash expense,Cash / UPI,Paid
EXP-000249,2025-04-14,BR-03,Office Supplies & Printing,1481.19,Operational petty cash expense,Cash / UPI,Paid
EXP-000250,2025-04-28,BR-01,Office Supplies & Printing,406.92,Operational petty cash expense,Cash / UPI,Paid
EXP-000251,2025-04-29,BR-02,Staff Refreshments & Tea,2010.14,Operational petty cash expense,Cash / UPI,Paid
EXP-000252,2025-05-01,BR-01,Rent,75000.0,Monthly Commercial Showroom Lease Rent,Bank Transfer,Paid
EXP-000253,2025-05-01,BR-02,Rent,45000.0,Monthly Commercial Showroom Lease Rent,Bank Transfer,Paid
EXP-000254,2025-05-01,BR-03,Rent,35000.0,Monthly Commercial Showroom Lease Rent,Bank Transfer,Paid
EXP-000255,2025-05-05,BR-01,Salaries,160000.0,Staff Monthly Payroll (5 Employees),Bank Transfer,Paid
EXP-000256,2025-05-05,BR-02,Salaries,96000.0,Staff Monthly Payroll (3 Employees),Bank Transfer,Paid
EXP-000257,2025-05-05,BR-03,Salaries,96000.0,Staff Monthly Payroll (3 Employees),Bank Transfer,Paid
EXP-000258,2025-05-05,BR-03,Staff Refreshments & Tea,1239.05,Operational petty cash expense,Cash / UPI,Paid
EXP-000259,2025-05-07,BR-01,Staff Refreshments & Tea,1769.3,Operational petty cash expense,Cash / UPI,Paid
EXP-000260,2025-05-10,BR-01,Electricity & Utilities,12285.23,TANGEDCO / BESCOM Commercial Electricity Bill,Online Banking,Paid
EXP-000261,2025-05-10,BR-02,Electricity & Utilities,10221.75,TANGEDCO / BESCOM Commercial Electricity Bill,Online Banking,Paid
EXP-000262,2025-05-10,BR-03,Electricity & Utilities,15576.52,TANGEDCO / BESCOM Commercial Electricity Bill,Online Banking,Paid
EXP-000263,2025-05-12,BR-02,Minor Maintenance & Repair,1821.5,Operational petty cash expense,Cash / UPI,Paid
EXP-000264,2025-05-17,BR-01,Office Supplies & Printing,1625.97,Operational petty cash expense,Cash / UPI,Paid
EXP-000265,2025-05-19,BR-02,Staff Refreshments & Tea,1895.73,Operational petty cash expense,Cash / UPI,Paid
EXP-000266,2025-05-23,BR-02,Staff Refreshments & Tea,1892.48,Operational petty cash expense,Cash / UPI,Paid
EXP-000267,2025-05-26,BR-03,Minor Maintenance & Repair,488.85,Operational petty cash expense,Cash / UPI,Paid
EXP-000268,2025-05-28,BR-02,Minor Maintenance & Repair,506.27,Operational petty cash expense,Cash / UPI,Paid
EXP-000269,2025-05-30,BR-01,Minor Maintenance & Repair,1365.81,Operational petty cash expense,Cash / UPI,Paid
EXP-000270,2025-06-01,BR-01,Rent,75000.0,Monthly Commercial Showroom Lease Rent,Bank Transfer,Paid
EXP-000271,2025-06-01,BR-02,Rent,45000.0,Monthly Commercial Showroom Lease Rent,Bank Transfer,Paid
EXP-000272,2025-06-01,BR-03,Rent,35000.0,Monthly Commercial Showroom Lease Rent,Bank Transfer,Paid
EXP-000273,2025-06-04,BR-03,Minor Maintenance & Repair,808.27,Operational petty cash expense,Cash / UPI,Paid
EXP-000274,2025-06-05,BR-01,Salaries,160000.0,Staff Monthly Payroll (5 Employees),Bank Transfer,Paid
EXP-000275,2025-06-05,BR-02,Salaries,96000.0,Staff Monthly Payroll (3 Employees),Bank Transfer,Paid
EXP-000276,2025-06-05,BR-03,Salaries,96000.0,Staff Monthly Payroll (3 Employees),Bank Transfer,Paid
EXP-000277,2025-06-05,BR-01,Office Supplies & Printing,573.88,Operational petty cash expense,Cash / UPI,Paid
EXP-000278,2025-06-08,BR-02,Minor Maintenance & Repair,1436.22,Operational petty cash expense,Cash / UPI,Paid
EXP-000279,2025-06-09,BR-03,Staff Refreshments & Tea,1685.48,Operational petty cash expense,Cash / UPI,Paid
EXP-000280,2025-06-10,BR-01,Electricity & Utilities,9145.89,TANGEDCO / BESCOM Commercial Electricity Bill,Online Banking,Paid
EXP-000281,2025-06-10,BR-02,Electricity & Utilities,9222.44,TANGEDCO / BESCOM Commercial Electricity Bill,Online Banking,Paid
EXP-000282,2025-06-10,BR-03,Electricity & Utilities,14956.12,TANGEDCO / BESCOM Commercial Electricity Bill,Online Banking,Paid
EXP-000283,2025-06-10,BR-03,Office Supplies & Printing,2109.82,Operational petty cash expense,Cash / UPI,Paid
EXP-000284,2025-06-13,BR-02,Staff Refreshments & Tea,2033.32,Operational petty cash expense,Cash / UPI,Paid
EXP-000285,2025-06-16,BR-03,Vehicle Fuel & Freight,690.81,Operational petty cash expense,Cash / UPI,Paid
EXP-000286,2025-06-17,BR-03,Minor Maintenance & Repair,1763.79,Operational petty cash expense,Cash / UPI,Paid
EXP-000287,2025-06-21,BR-01,Office Supplies & Printing,794.09,Operational petty cash expense,Cash / UPI,Paid
EXP-000288,2025-06-22,BR-01,Vehicle Fuel & Freight,1774.5,Operational petty cash expense,Cash / UPI,Paid
EXP-000289,2025-06-24,BR-03,Vehicle Fuel & Freight,2045.32,Operational petty cash expense,Cash / UPI,Paid
EXP-000290,2025-07-01,BR-01,Rent,75000.0,Monthly Commercial Showroom Lease Rent,Bank Transfer,Paid
EXP-000291,2025-07-01,BR-02,Rent,45000.0,Monthly Commercial Showroom Lease Rent,Bank Transfer,Paid
EXP-000292,2025-07-01,BR-03,Rent,35000.0,Monthly Commercial Showroom Lease Rent,Bank Transfer,Paid
EXP-000293,2025-07-04,BR-03,Staff Refreshments & Tea,1437.92,Operational petty cash expense,Cash / UPI,Paid
EXP-000294,2025-07-05,BR-01,Salaries,160000.0,Staff Monthly Payroll (5 Employees),Bank Transfer,Paid
EXP-000295,2025-07-05,BR-02,Salaries,96000.0,Staff Monthly Payroll (3 Employees),Bank Transfer,Paid
EXP-000296,2025-07-05,BR-03,Salaries,96000.0,Staff Monthly Payroll (3 Employees),Bank Transfer,Paid
EXP-000297,2025-07-10,BR-01,Electricity & Utilities,9581.38,TANGEDCO / BESCOM Commercial Electricity Bill,Online Banking,Paid
EXP-000298,2025-07-10,BR-02,Electricity & Utilities,8966.57,TANGEDCO / BESCOM Commercial Electricity Bill,Online Banking,Paid
EXP-000299,2025-07-10,BR-03,Electricity & Utilities,9453.87,TANGEDCO / BESCOM Commercial Electricity Bill,Online Banking,Paid
EXP-000300,2025-07-12,BR-02,Minor Maintenance & Repair,1540.41,Operational petty cash expense,Cash / UPI,Paid
EXP-000301,2025-07-13,BR-01,Staff Refreshments & Tea,1181.7,Operational petty cash expense,Cash / UPI,Paid
EXP-000302,2025-07-14,BR-03,Minor Maintenance & Repair,1331.82,Operational petty cash expense,Cash / UPI,Paid
EXP-000303,2025-07-16,BR-03,Vehicle Fuel & Freight,2064.24,Operational petty cash expense,Cash / UPI,Paid
EXP-000304,2025-07-18,BR-03,Office Supplies & Printing,940.44,Operational petty cash expense,Cash / UPI,Paid
EXP-000305,2025-07-24,BR-03,Staff Refreshments & Tea,1138.2,Operational petty cash expense,Cash / UPI,Paid
EXP-000306,2025-07-26,BR-01,Vehicle Fuel & Freight,1145.8,Operational petty cash expense,Cash / UPI,Paid
EXP-000307,2025-07-31,BR-03,Office Supplies & Printing,577.03,Operational petty cash expense,Cash / UPI,Paid
EXP-000308,2025-08-01,BR-01,Rent,75000.0,Monthly Commercial Showroom Lease Rent,Bank Transfer,Paid
EXP-000309,2025-08-01,BR-02,Rent,45000.0,Monthly Commercial Showroom Lease Rent,Bank Transfer,Paid
EXP-000310,2025-08-01,BR-03,Rent,35000.0,Monthly Commercial Showroom Lease Rent,Bank Transfer,Paid
EXP-000311,2025-08-02,BR-02,Minor Maintenance & Repair,352.69,Operational petty cash expense,Cash / UPI,Paid
EXP-000312,2025-08-05,BR-01,Salaries,160000.0,Staff Monthly Payroll (5 Employees),Bank Transfer,Paid
EXP-000313,2025-08-05,BR-02,Salaries,96000.0,Staff Monthly Payroll (3 Employees),Bank Transfer,Paid
EXP-000314,2025-08-05,BR-03,Salaries,96000.0,Staff Monthly Payroll (3 Employees),Bank Transfer,Paid
EXP-000315,2025-08-08,BR-02,Staff Refreshments & Tea,2329.23,Operational petty cash expense,Cash / UPI,Paid
EXP-000316,2025-08-10,BR-01,Electricity & Utilities,11622.22,TANGEDCO / BESCOM Commercial Electricity Bill,Online Banking,Paid
EXP-000317,2025-08-10,BR-02,Electricity & Utilities,9741.08,TANGEDCO / BESCOM Commercial Electricity Bill,Online Banking,Paid
EXP-000318,2025-08-10,BR-03,Electricity & Utilities,13675.19,TANGEDCO / BESCOM Commercial Electricity Bill,Online Banking,Paid
EXP-000319,2025-08-14,BR-03,Minor Maintenance & Repair,1000.38,Operational petty cash expense,Cash / UPI,Paid
EXP-000320,2025-08-18,BR-02,Office Supplies & Printing,1363.75,Operational petty cash expense,Cash / UPI,Paid
EXP-000321,2025-08-19,BR-03,Minor Maintenance & Repair,1343.28,Operational petty cash expense,Cash / UPI,Paid
EXP-000322,2025-08-25,BR-03,Vehicle Fuel & Freight,1752.1,Operational petty cash expense,Cash / UPI,Paid
EXP-000323,2025-08-27,BR-02,Minor Maintenance & Repair,766.18,Operational petty cash expense,Cash / UPI,Paid
EXP-000324,2025-08-28,BR-01,Office Supplies & Printing,1533.97,Operational petty cash expense,Cash / UPI,Paid
EXP-000325,2025-09-01,BR-01,Rent,75000.0,Monthly Commercial Showroom Lease Rent,Bank Transfer,Paid
EXP-000326,2025-09-01,BR-02,Rent,45000.0,Monthly Commercial Showroom Lease Rent,Bank Transfer,Paid
EXP-000327,2025-09-01,BR-03,Rent,35000.0,Monthly Commercial Showroom Lease Rent,Bank Transfer,Paid
EXP-000328,2025-09-04,BR-01,Minor Maintenance & Repair,1680.4,Operational petty cash expense,Cash / UPI,Paid
EXP-000329,2025-09-05,BR-01,Salaries,160000.0,Staff Monthly Payroll (5 Employees),Bank Transfer,Paid
EXP-000330,2025-09-05,BR-02,Salaries,96000.0,Staff Monthly Payroll (3 Employees),Bank Transfer,Paid
EXP-000331,2025-09-05,BR-03,Salaries,96000.0,Staff Monthly Payroll (3 Employees),Bank Transfer,Paid
EXP-000332,2025-09-07,BR-02,Minor Maintenance & Repair,2259.55,Operational petty cash expense,Cash / UPI,Paid
EXP-000333,2025-09-10,BR-01,Electricity & Utilities,8565.25,TANGEDCO / BESCOM Commercial Electricity Bill,Online Banking,Paid
EXP-000334,2025-09-10,BR-02,Electricity & Utilities,14628.08,TANGEDCO / BESCOM Commercial Electricity Bill,Online Banking,Paid
EXP-000335,2025-09-10,BR-03,Electricity & Utilities,12645.74,TANGEDCO / BESCOM Commercial Electricity Bill,Online Banking,Paid
EXP-000336,2025-09-10,BR-01,Staff Refreshments & Tea,600.51,Operational petty cash expense,Cash / UPI,Paid
EXP-000337,2025-09-13,BR-02,Minor Maintenance & Repair,1020.46,Operational petty cash expense,Cash / UPI,Paid
EXP-000338,2025-09-18,BR-03,Office Supplies & Printing,373.44,Operational petty cash expense,Cash / UPI,Paid
EXP-000339,2025-09-22,BR-01,Vehicle Fuel & Freight,1240.54,Operational petty cash expense,Cash / UPI,Paid
EXP-000340,2025-09-29,BR-02,Staff Refreshments & Tea,1314.17,Operational petty cash expense,Cash / UPI,Paid
EXP-000341,2025-09-30,BR-03,Office Supplies & Printing,942.4,Operational petty cash expense,Cash / UPI,Paid
EXP-000342,2025-10-01,BR-01,Rent,75000.0,Monthly Commercial Showroom Lease Rent,Bank Transfer,Paid
EXP-000343,2025-10-01,BR-02,Rent,45000.0,Monthly Commercial Showroom Lease Rent,Bank Transfer,Paid
EXP-000344,2025-10-01,BR-03,Rent,35000.0,Monthly Commercial Showroom Lease Rent,Bank Transfer,Paid
EXP-000345,2025-10-02,BR-01,Vehicle Fuel & Freight,2128.18,Operational petty cash expense,Cash / UPI,Paid
EXP-000346,2025-10-05,BR-01,Salaries,160000.0,Staff Monthly Payroll (5 Employees),Bank Transfer,Paid
EXP-000347,2025-10-05,BR-02,Salaries,96000.0,Staff Monthly Payroll (3 Employees),Bank Transfer,Paid
EXP-000348,2025-10-05,BR-03,Salaries,96000.0,Staff Monthly Payroll (3 Employees),Bank Transfer,Paid
EXP-000349,2025-10-07,BR-02,Office Supplies & Printing,503.83,Operational petty cash expense,Cash / UPI,Paid
EXP-000350,2025-10-09,BR-01,Office Supplies & Printing,1782.62,Operational petty cash expense,Cash / UPI,Paid
EXP-000351,2025-10-10,BR-01,Electricity & Utilities,13955.83,TANGEDCO / BESCOM Commercial Electricity Bill,Online Banking,Paid
EXP-000352,2025-10-10,BR-02,Electricity & Utilities,15829.83,TANGEDCO / BESCOM Commercial Electricity Bill,Online Banking,Paid
EXP-000353,2025-10-10,BR-03,Electricity & Utilities,11847.8,TANGEDCO / BESCOM Commercial Electricity Bill,Online Banking,Paid
EXP-000354,2025-10-13,BR-01,Vehicle Fuel & Freight,1380.69,Operational petty cash expense,Cash / UPI,Paid
EXP-000355,2025-10-16,BR-01,Office Supplies & Printing,1207.21,Operational petty cash expense,Cash / UPI,Paid
EXP-000356,2025-10-21,BR-03,Vehicle Fuel & Freight,2174.2,Operational petty cash expense,Cash / UPI,Paid
EXP-000357,2025-10-22,BR-01,Minor Maintenance & Repair,866.62,Operational petty cash expense,Cash / UPI,Paid
EXP-000358,2025-10-23,BR-02,Vehicle Fuel & Freight,1367.32,Operational petty cash expense,Cash / UPI,Paid
EXP-000359,2025-10-24,BR-03,Office Supplies & Printing,1145.87,Operational petty cash expense,Cash / UPI,Paid
EXP-000360,2025-10-25,BR-02,Staff Refreshments & Tea,2074.07,Operational petty cash expense,Cash / UPI,Paid
EXP-000361,2025-10-26,BR-01,Vehicle Fuel & Freight,946.57,Operational petty cash expense,Cash / UPI,Paid
EXP-000362,2025-10-27,BR-02,Minor Maintenance & Repair,994.06,Operational petty cash expense,Cash / UPI,Paid
EXP-000363,2025-11-01,BR-01,Rent,75000.0,Monthly Commercial Showroom Lease Rent,Bank Transfer,Paid
EXP-000364,2025-11-01,BR-02,Rent,45000.0,Monthly Commercial Showroom Lease Rent,Bank Transfer,Paid
EXP-000365,2025-11-01,BR-03,Rent,35000.0,Monthly Commercial Showroom Lease Rent,Bank Transfer,Paid
EXP-000366,2025-11-01,BR-03,Vehicle Fuel & Freight,1070.95,Operational petty cash expense,Cash / UPI,Paid
EXP-000367,2025-11-02,BR-02,Minor Maintenance & Repair,1421.02,Operational petty cash expense,Cash / UPI,Paid
EXP-000368,2025-11-03,BR-01,Minor Maintenance & Repair,1617.92,Operational petty cash expense,Cash / UPI,Paid
EXP-000369,2025-11-05,BR-01,Salaries,160000.0,Staff Monthly Payroll (5 Employees),Bank Transfer,Paid
EXP-000370,2025-11-05,BR-02,Salaries,96000.0,Staff Monthly Payroll (3 Employees),Bank Transfer,Paid
EXP-000371,2025-11-05,BR-03,Salaries,96000.0,Staff Monthly Payroll (3 Employees),Bank Transfer,Paid
EXP-000372,2025-11-10,BR-01,Electricity & Utilities,12408.01,TANGEDCO / BESCOM Commercial Electricity Bill,Online Banking,Paid
EXP-000373,2025-11-10,BR-02,Electricity & Utilities,9115.35,TANGEDCO / BESCOM Commercial Electricity Bill,Online Banking,Paid
EXP-000374,2025-11-10,BR-03,Electricity & Utilities,13658.11,TANGEDCO / BESCOM Commercial Electricity Bill,Online Banking,Paid
EXP-000375,2025-11-16,BR-03,Vehicle Fuel & Freight,1367.91,Operational petty cash expense,Cash / UPI,Paid
EXP-000376,2025-11-28,BR-01,Office Supplies & Printing,1668.56,Operational petty cash expense,Cash / UPI,Paid
EXP-000377,2025-12-01,BR-01,Rent,75000.0,Monthly Commercial Showroom Lease Rent,Bank Transfer,Paid
EXP-000378,2025-12-01,BR-02,Rent,45000.0,Monthly Commercial Showroom Lease Rent,Bank Transfer,Paid
EXP-000379,2025-12-01,BR-03,Rent,35000.0,Monthly Commercial Showroom Lease Rent,Bank Transfer,Paid
EXP-000380,2025-12-05,BR-01,Salaries,160000.0,Staff Monthly Payroll (5 Employees),Bank Transfer,Paid
EXP-000381,2025-12-05,BR-02,Salaries,96000.0,Staff Monthly Payroll (3 Employees),Bank Transfer,Paid
EXP-000382,2025-12-05,BR-03,Salaries,96000.0,Staff Monthly Payroll (3 Employees),Bank Transfer,Paid
EXP-000383,2025-12-07,BR-01,Staff Refreshments & Tea,485.89,Operational petty cash expense,Cash / UPI,Paid
EXP-000384,2025-12-10,BR-01,Electricity & Utilities,11891.15,TANGEDCO / BESCOM Commercial Electricity Bill,Online Banking,Paid
EXP-000385,2025-12-10,BR-02,Electricity & Utilities,9786.61,TANGEDCO / BESCOM Commercial Electricity Bill,Online Banking,Paid
EXP-000386,2025-12-10,BR-03,Electricity & Utilities,10713.19,TANGEDCO / BESCOM Commercial Electricity Bill,Online Banking,Paid
EXP-000387,2025-12-11,BR-02,Minor Maintenance & Repair,977.11,Operational petty cash expense,Cash / UPI,Paid
EXP-000388,2025-12-12,BR-03,Office Supplies & Printing,1333.84,Operational petty cash expense,Cash / UPI,Paid
EXP-000389,2025-12-20,BR-03,Minor Maintenance & Repair,563.93,Operational petty cash expense,Cash / UPI,Paid
EXP-000390,2025-12-22,BR-01,Staff Refreshments & Tea,1337.94,Operational petty cash expense,Cash / UPI,Paid
EXP-000391,2025-12-27,BR-03,Staff Refreshments & Tea,1473.41,Operational petty cash expense,Cash / UPI,Paid
EXP-000392,2025-12-30,BR-01,Vehicle Fuel & Freight,2242.09,Operational petty cash expense,Cash / UPI,Paid
EXP-000393,2025-12-31,BR-01,Staff Refreshments & Tea,1520.8,Operational petty cash expense,Cash / UPI,Paid
EXP-000394,2026-01-01,BR-01,Rent,75000.0,Monthly Commercial Showroom Lease Rent,Bank Transfer,Paid
EXP-000395,2026-01-01,BR-02,Rent,45000.0,Monthly Commercial Showroom Lease Rent,Bank Transfer,Paid
EXP-000396,2026-01-01,BR-03,Rent,35000.0,Monthly Commercial Showroom Lease Rent,Bank Transfer,Paid
EXP-000397,2026-01-05,BR-01,Salaries,160000.0,Staff Monthly Payroll (5 Employees),Bank Transfer,Paid
EXP-000398,2026-01-05,BR-02,Salaries,96000.0,Staff Monthly Payroll (3 Employees),Bank Transfer,Paid
EXP-000399,2026-01-05,BR-03,Salaries,96000.0,Staff Monthly Payroll (3 Employees),Bank Transfer,Paid
EXP-000400,2026-01-08,BR-02,Office Supplies & Printing,894.3,Operational petty cash expense,Cash / UPI,Paid
EXP-000401,2026-01-09,BR-02,Minor Maintenance & Repair,1844.62,Operational petty cash expense,Cash / UPI,Paid
EXP-000402,2026-01-10,BR-01,Electricity & Utilities,11603.74,TANGEDCO / BESCOM Commercial Electricity Bill,Online Banking,Paid
EXP-000403,2026-01-10,BR-02,Electricity & Utilities,12862.33,TANGEDCO / BESCOM Commercial Electricity Bill,Online Banking,Paid
EXP-000404,2026-01-10,BR-03,Electricity & Utilities,10136.05,TANGEDCO / BESCOM Commercial Electricity Bill,Online Banking,Paid
EXP-000405,2026-01-10,BR-01,Staff Refreshments & Tea,1385.97,Operational petty cash expense,Cash / UPI,Paid
EXP-000406,2026-01-24,BR-01,Minor Maintenance & Repair,759.61,Operational petty cash expense,Cash / UPI,Paid
EXP-000407,2026-01-27,BR-02,Office Supplies & Printing,712.02,Operational petty cash expense,Cash / UPI,Paid
EXP-000408,2026-01-28,BR-01,Office Supplies & Printing,1674.54,Operational petty cash expense,Cash / UPI,Paid
EXP-000409,2026-01-29,BR-01,Vehicle Fuel & Freight,825.97,Operational petty cash expense,Cash / UPI,Paid
EXP-000410,2026-02-01,BR-01,Rent,75000.0,Monthly Commercial Showroom Lease Rent,Bank Transfer,Paid
EXP-000411,2026-02-01,BR-02,Rent,45000.0,Monthly Commercial Showroom Lease Rent,Bank Transfer,Paid
EXP-000412,2026-02-01,BR-03,Rent,35000.0,Monthly Commercial Showroom Lease Rent,Bank Transfer,Paid
EXP-000413,2026-02-05,BR-01,Salaries,160000.0,Staff Monthly Payroll (5 Employees),Bank Transfer,Paid
EXP-000414,2026-02-05,BR-02,Salaries,96000.0,Staff Monthly Payroll (3 Employees),Bank Transfer,Paid
EXP-000415,2026-02-05,BR-03,Salaries,96000.0,Staff Monthly Payroll (3 Employees),Bank Transfer,Paid
EXP-000416,2026-02-09,BR-03,Office Supplies & Printing,1483.03,Operational petty cash expense,Cash / UPI,Paid
EXP-000417,2026-02-10,BR-01,Electricity & Utilities,8642.89,TANGEDCO / BESCOM Commercial Electricity Bill,Online Banking,Paid
EXP-000418,2026-02-10,BR-02,Electricity & Utilities,13603.87,TANGEDCO / BESCOM Commercial Electricity Bill,Online Banking,Paid
EXP-000419,2026-02-10,BR-03,Electricity & Utilities,12472.81,TANGEDCO / BESCOM Commercial Electricity Bill,Online Banking,Paid
EXP-000420,2026-02-12,BR-01,Office Supplies & Printing,1771.93,Operational petty cash expense,Cash / UPI,Paid
EXP-000421,2026-02-13,BR-03,Office Supplies & Printing,1700.99,Operational petty cash expense,Cash / UPI,Paid
EXP-000422,2026-02-19,BR-02,Vehicle Fuel & Freight,1186.48,Operational petty cash expense,Cash / UPI,Paid
EXP-000423,2026-02-21,BR-02,Minor Maintenance & Repair,687.41,Operational petty cash expense,Cash / UPI,Paid
EXP-000424,2026-02-24,BR-03,Vehicle Fuel & Freight,1898.78,Operational petty cash expense,Cash / UPI,Paid
EXP-000425,2026-02-25,BR-03,Staff Refreshments & Tea,2261.2,Operational petty cash expense,Cash / UPI,Paid
EXP-000426,2026-02-27,BR-02,Staff Refreshments & Tea,835.08,Operational petty cash expense,Cash / UPI,Paid
EXP-000427,2026-03-01,BR-01,Rent,75000.0,Monthly Commercial Showroom Lease Rent,Bank Transfer,Paid
EXP-000428,2026-03-01,BR-02,Rent,45000.0,Monthly Commercial Showroom Lease Rent,Bank Transfer,Paid
EXP-000429,2026-03-01,BR-03,Rent,35000.0,Monthly Commercial Showroom Lease Rent,Bank Transfer,Paid
EXP-000430,2026-03-01,BR-02,Minor Maintenance & Repair,1370.65,Operational petty cash expense,Cash / UPI,Paid
EXP-000431,2026-03-02,BR-03,Minor Maintenance & Repair,565.5,Operational petty cash expense,Cash / UPI,Paid
EXP-000432,2026-03-05,BR-01,Salaries,160000.0,Staff Monthly Payroll (5 Employees),Bank Transfer,Paid
EXP-000433,2026-03-05,BR-02,Salaries,96000.0,Staff Monthly Payroll (3 Employees),Bank Transfer,Paid
EXP-000434,2026-03-05,BR-03,Salaries,96000.0,Staff Monthly Payroll (3 Employees),Bank Transfer,Paid
EXP-000435,2026-03-06,BR-03,Vehicle Fuel & Freight,805.81,Operational petty cash expense,Cash / UPI,Paid
EXP-000436,2026-03-10,BR-01,Electricity & Utilities,9193.28,TANGEDCO / BESCOM Commercial Electricity Bill,Online Banking,Paid
EXP-000437,2026-03-10,BR-02,Electricity & Utilities,9277.04,TANGEDCO / BESCOM Commercial Electricity Bill,Online Banking,Paid
EXP-000438,2026-03-10,BR-03,Electricity & Utilities,13437.12,TANGEDCO / BESCOM Commercial Electricity Bill,Online Banking,Paid
EXP-000439,2026-03-16,BR-03,Minor Maintenance & Repair,1926.99,Operational petty cash expense,Cash / UPI,Paid
EXP-000440,2026-03-17,BR-02,Minor Maintenance & Repair,1492.96,Operational petty cash expense,Cash / UPI,Paid
EXP-000441,2026-03-21,BR-02,Office Supplies & Printing,862.8,Operational petty cash expense,Cash / UPI,Paid
EXP-000442,2026-03-22,BR-03,Office Supplies & Printing,1765.8,Operational petty cash expense,Cash / UPI,Paid
EXP-000443,2026-04-01,BR-01,Rent,75000.0,Monthly Commercial Showroom Lease Rent,Bank Transfer,Paid
EXP-000444,2026-04-01,BR-02,Rent,45000.0,Monthly Commercial Showroom Lease Rent,Bank Transfer,Paid
EXP-000445,2026-04-01,BR-03,Rent,35000.0,Monthly Commercial Showroom Lease Rent,Bank Transfer,Paid
EXP-000446,2026-04-02,BR-02,Office Supplies & Printing,1931.66,Operational petty cash expense,Cash / UPI,Paid
EXP-000447,2026-04-04,BR-02,Minor Maintenance & Repair,1270.07,Operational petty cash expense,Cash / UPI,Paid
EXP-000448,2026-04-05,BR-01,Salaries,160000.0,Staff Monthly Payroll (5 Employees),Bank Transfer,Paid
EXP-000449,2026-04-05,BR-02,Salaries,96000.0,Staff Monthly Payroll (3 Employees),Bank Transfer,Paid
EXP-000450,2026-04-05,BR-03,Salaries,96000.0,Staff Monthly Payroll (3 Employees),Bank Transfer,Paid
EXP-000451,2026-04-10,BR-01,Electricity & Utilities,8601.46,TANGEDCO / BESCOM Commercial Electricity Bill,Online Banking,Paid
EXP-000452,2026-04-10,BR-02,Electricity & Utilities,12949.23,TANGEDCO / BESCOM Commercial Electricity Bill,Online Banking,Paid
EXP-000453,2026-04-10,BR-03,Electricity & Utilities,8854.18,TANGEDCO / BESCOM Commercial Electricity Bill,Online Banking,Paid
EXP-000454,2026-04-15,BR-02,Vehicle Fuel & Freight,925.19,Operational petty cash expense,Cash / UPI,Paid
EXP-000455,2026-04-18,BR-03,Minor Maintenance & Repair,2023.7,Operational petty cash expense,Cash / UPI,Paid
EXP-000456,2026-04-22,BR-02,Office Supplies & Printing,1100.24,Operational petty cash expense,Cash / UPI,Paid
EXP-000457,2026-04-24,BR-01,Staff Refreshments & Tea,841.81,Operational petty cash expense,Cash / UPI,Paid
EXP-000458,2026-04-25,BR-01,Minor Maintenance & Repair,1530.45,Operational petty cash expense,Cash / UPI,Paid
EXP-000459,2026-04-26,BR-01,Office Supplies & Printing,2146.45,Operational petty cash expense,Cash / UPI,Paid
EXP-000460,2026-05-01,BR-01,Rent,75000.0,Monthly Commercial Showroom Lease Rent,Bank Transfer,Paid
EXP-000461,2026-05-01,BR-02,Rent,45000.0,Monthly Commercial Showroom Lease Rent,Bank Transfer,Paid
EXP-000462,2026-05-01,BR-03,Rent,35000.0,Monthly Commercial Showroom Lease Rent,Bank Transfer,Paid
EXP-000463,2026-05-05,BR-01,Salaries,160000.0,Staff Monthly Payroll (5 Employees),Bank Transfer,Paid
EXP-000464,2026-05-05,BR-02,Salaries,96000.0,Staff Monthly Payroll (3 Employees),Bank Transfer,Paid
EXP-000465,2026-05-05,BR-03,Salaries,96000.0,Staff Monthly Payroll (3 Employees),Bank Transfer,Paid
EXP-000466,2026-05-06,BR-03,Office Supplies & Printing,1216.06,Operational petty cash expense,Cash / UPI,Paid
EXP-000467,2026-05-10,BR-01,Electricity & Utilities,10222.23,TANGEDCO / BESCOM Commercial Electricity Bill,Online Banking,Paid
EXP-000468,2026-05-10,BR-02,Electricity & Utilities,13235.47,TANGEDCO / BESCOM Commercial Electricity Bill,Online Banking,Paid
EXP-000469,2026-05-10,BR-03,Electricity & Utilities,13224.33,TANGEDCO / BESCOM Commercial Electricity Bill,Online Banking,Paid
EXP-000470,2026-05-10,BR-03,Minor Maintenance & Repair,404.35,Operational petty cash expense,Cash / UPI,Paid
EXP-000471,2026-05-14,BR-01,Minor Maintenance & Repair,451.95,Operational petty cash expense,Cash / UPI,Paid
EXP-000472,2026-05-16,BR-01,Vehicle Fuel & Freight,1774.9,Operational petty cash expense,Cash / UPI,Paid
EXP-000473,2026-05-19,BR-02,Office Supplies & Printing,1163.89,Operational petty cash expense,Cash / UPI,Paid
EXP-000474,2026-05-25,BR-01,Vehicle Fuel & Freight,876.51,Operational petty cash expense,Cash / UPI,Paid
EXP-000475,2026-06-01,BR-01,Rent,75000.0,Monthly Commercial Showroom Lease Rent,Bank Transfer,Paid
EXP-000476,2026-06-01,BR-02,Rent,45000.0,Monthly Commercial Showroom Lease Rent,Bank Transfer,Paid
EXP-000477,2026-06-01,BR-03,Rent,35000.0,Monthly Commercial Showroom Lease Rent,Bank Transfer,Paid
EXP-000478,2026-06-05,BR-01,Salaries,160000.0,Staff Monthly Payroll (5 Employees),Bank Transfer,Paid
EXP-000479,2026-06-05,BR-02,Salaries,96000.0,Staff Monthly Payroll (3 Employees),Bank Transfer,Paid
EXP-000480,2026-06-05,BR-03,Salaries,96000.0,Staff Monthly Payroll (3 Employees),Bank Transfer,Paid
EXP-000481,2026-06-10,BR-01,Electricity & Utilities,13544.0,TANGEDCO / BESCOM Commercial Electricity Bill,Online Banking,Paid
EXP-000482,2026-06-10,BR-02,Electricity & Utilities,15986.52,TANGEDCO / BESCOM Commercial Electricity Bill,Online Banking,Paid
EXP-000483,2026-06-10,BR-03,Electricity & Utilities,14009.99,TANGEDCO / BESCOM Commercial Electricity Bill,Online Banking,Paid
EXP-000484,2026-06-21,BR-03,Staff Refreshments & Tea,569.92,Operational petty cash expense,Cash / UPI,Paid
EXP-000485,2026-06-23,BR-02,Minor Maintenance & Repair,2174.41,Operational petty cash expense,Cash / UPI,Paid
EXP-000486,2026-06-26,BR-02,Office Supplies & Printing,1426.33,Operational petty cash expense,Cash / UPI,Paid
EXP-000487,2026-07-01,BR-01,Rent,75000.0,Monthly Commercial Showroom Lease Rent,Bank Transfer,Paid
EXP-000488,2026-07-01,BR-02,Rent,45000.0,Monthly Commercial Showroom Lease Rent,Bank Transfer,Paid
EXP-000489,2026-07-01,BR-03,Rent,35000.0,Monthly Commercial Showroom Lease Rent,Bank Transfer,Paid
EXP-000490,2026-07-03,BR-03,Minor Maintenance & Repair,1942.81,Operational petty cash expense,Cash / UPI,Paid
EXP-000491,2026-07-05,BR-01,Salaries,160000.0,Staff Monthly Payroll (5 Employees),Bank Transfer,Paid
EXP-000492,2026-07-05,BR-02,Salaries,96000.0,Staff Monthly Payroll (3 Employees),Bank Transfer,Paid
EXP-000493,2026-07-05,BR-03,Salaries,96000.0,Staff Monthly Payroll (3 Employees),Bank Transfer,Paid
EXP-000494,2026-07-07,BR-01,Vehicle Fuel & Freight,616.85,Operational petty cash expense,Cash / UPI,Paid
EXP-000495,2026-07-08,BR-02,Staff Refreshments & Tea,1563.05,Operational petty cash expense,Cash / UPI,Paid
EXP-000496,2026-07-09,BR-01,Vehicle Fuel & Freight,635.3,Operational petty cash expense,Cash / UPI,Paid
EXP-000497,2026-07-10,BR-01,Electricity & Utilities,15417.08,TANGEDCO / BESCOM Commercial Electricity Bill,Online Banking,Paid
EXP-000498,2026-07-10,BR-02,Electricity & Utilities,12515.21,TANGEDCO / BESCOM Commercial Electricity Bill,Online Banking,Paid
EXP-000499,2026-07-10,BR-03,Electricity & Utilities,13537.33,TANGEDCO / BESCOM Commercial Electricity Bill,Online Banking,Paid
EXP-000500,2026-07-10,BR-01,Staff Refreshments & Tea,717.04,Operational petty cash expense,Cash / UPI,Paid
EXP-000501,2026-07-11,BR-03,Minor Maintenance & Repair,1199.84,Operational petty cash expense,Cash / UPI,Paid
EXP-000502,2026-07-16,BR-03,Staff Refreshments & Tea,2296.78,Operational petty cash expense,Cash / UPI,Paid
EXP-000503,2026-07-17,BR-03,Vehicle Fuel & Freight,1903.97,Operational petty cash expense,Cash / UPI,Paid
EXP-000504,2026-07-19,BR-02,Vehicle Fuel & Freight,609.64,Operational petty cash expense,Cash / UPI,Paid
EXP-000505,2026-07-20,BR-03,Staff Refreshments & Tea,2135.29,Operational petty cash expense,Cash / UPI,Paid
EXP-000506,2026-07-27,BR-01,Vehicle Fuel & Freight,1940.55,Operational petty cash expense,Cash / UPI,Paid
EXP-000507,2026-08-01,BR-01,Rent,75000.0,Monthly Commercial Showroom Lease Rent,Bank Transfer,Paid
EXP-000508,2026-08-01,BR-02,Rent,45000.0,Monthly Commercial Showroom Lease Rent,Bank Transfer,Paid
EXP-000509,2026-08-01,BR-03,Rent,35000.0,Monthly Commercial Showroom Lease Rent,Bank Transfer,Paid
EXP-000510,2026-08-01,BR-01,Staff Refreshments & Tea,1009.15,Operational petty cash expense,Cash / UPI,Paid
EXP-000511,2026-08-02,BR-01,Office Supplies & Printing,454.11,Operational petty cash expense,Cash / UPI,Paid
EXP-000512,2026-08-05,BR-01,Salaries,160000.0,Staff Monthly Payroll (5 Employees),Bank Transfer,Paid
EXP-000513,2026-08-05,BR-02,Salaries,96000.0,Staff Monthly Payroll (3 Employees),Bank Transfer,Paid
EXP-000514,2026-08-05,BR-03,Salaries,96000.0,Staff Monthly Payroll (3 Employees),Bank Transfer,Paid
EXP-000515,2026-08-05,BR-01,Staff Refreshments & Tea,2019.29,Operational petty cash expense,Cash / UPI,Paid
EXP-000516,2026-08-08,BR-02,Office Supplies & Printing,1368.18,Operational petty cash expense,Cash / UPI,Paid
EXP-000517,2026-08-10,BR-01,Electricity & Utilities,15832.09,TANGEDCO / BESCOM Commercial Electricity Bill,Online Banking,Paid
EXP-000518,2026-08-10,BR-02,Electricity & Utilities,8914.89,TANGEDCO / BESCOM Commercial Electricity Bill,Online Banking,Paid
EXP-000519,2026-08-10,BR-03,Electricity & Utilities,11814.39,TANGEDCO / BESCOM Commercial Electricity Bill,Online Banking,Paid
EXP-000520,2026-08-10,BR-01,Staff Refreshments & Tea,910.38,Operational petty cash expense,Cash / UPI,Paid
EXP-000521,2026-08-14,BR-03,Minor Maintenance & Repair,1515.81,Operational petty cash expense,Cash / UPI,Paid
EXP-000522,2026-08-21,BR-02,Vehicle Fuel & Freight,745.61,Operational petty cash expense,Cash / UPI,Paid
EXP-000523,2026-08-26,BR-03,Office Supplies & Printing,763.78,Operational petty cash expense,Cash / UPI,Paid
EXP-000524,2026-09-01,BR-01,Rent,75000.0,Monthly Commercial Showroom Lease Rent,Bank Transfer,Paid
EXP-000525,2026-09-01,BR-02,Rent,45000.0,Monthly Commercial Showroom Lease Rent,Bank Transfer,Paid
EXP-000526,2026-09-01,BR-03,Rent,35000.0,Monthly Commercial Showroom Lease Rent,Bank Transfer,Paid
EXP-000527,2026-09-01,BR-03,Staff Refreshments & Tea,561.38,Operational petty cash expense,Cash / UPI,Paid
EXP-000528,2026-09-05,BR-01,Salaries,160000.0,Staff Monthly Payroll (5 Employees),Bank Transfer,Paid
EXP-000529,2026-09-05,BR-02,Salaries,96000.0,Staff Monthly Payroll (3 Employees),Bank Transfer,Paid
EXP-000530,2026-09-05,BR-03,Salaries,96000.0,Staff Monthly Payroll (3 Employees),Bank Transfer,Paid
EXP-000531,2026-09-05,BR-03,Staff Refreshments & Tea,1873.75,Operational petty cash expense,Cash / UPI,Paid
EXP-000532,2026-09-10,BR-01,Electricity & Utilities,14113.93,TANGEDCO / BESCOM Commercial Electricity Bill,Online Banking,Paid
EXP-000533,2026-09-10,BR-02,Electricity & Utilities,12850.85,TANGEDCO / BESCOM Commercial Electricity Bill,Online Banking,Paid
EXP-000534,2026-09-10,BR-03,Electricity & Utilities,11017.23,TANGEDCO / BESCOM Commercial Electricity Bill,Online Banking,Paid
EXP-000535,2026-09-15,BR-01,Vehicle Fuel & Freight,1541.74,Operational petty cash expense,Cash / UPI,Paid
EXP-000536,2026-09-19,BR-01,Minor Maintenance & Repair,2300.97,Operational petty cash expense,Cash / UPI,Paid
EXP-000537,2026-09-21,BR-02,Office Supplies & Printing,1062.68,Operational petty cash expense,Cash / UPI,Paid
EXP-000538,2026-09-22,BR-01,Vehicle Fuel & Freight,466.62,Operational petty cash expense,Cash / UPI,Paid
