credit_note_id,return_id,invoice_id,customer_id,credit_note_date,credit_amount,reason,status
CN-00001,RET-00001,INV-000004,CUST-028,2024-01-03,15.0,Credit Note Issued for Defective Replacement,Adjusted
CN-00002,RET-00002,INV-000010,CUST-017,2024-01-09,1050.0,Credit Note Issued for Defective Replacement,Adjusted
CN-00003,RET-00003,INV-000123,CUST-023,2024-02-05,480.0,Credit Note Issued for Defective Replacement,Adjusted
CN-00004,RET-00004,INV-000149,CUST-024,2024-02-10,2640.0,Credit Note Issued for Defective Replacement,Adjusted
CN-00005,RET-00005,INV-000207,CUST-019,2024-02-26,15.0,Credit Note Issued for Defective Replacement,Adjusted
CN-00006,RET-00006,INV-000244,CUST-025,2024-03-07,240.0,Credit Note Issued for Defective Replacement,Adjusted
CN-00007,RET-00007,INV-000264,CUST-023,2024-03-13,760.0,Credit Note Issued for Defective Replacement,Adjusted
CN-00008,RET-00008,INV-000311,CUST-013,2024-03-24,240.0,Credit Note Issued for Defective Replacement,Adjusted
CN-00009,RET-00009,INV-000428,CUST-026,2024-04-26,780.0,Credit Note Issued for Defective Replacement,Adjusted
CN-00010,RET-00010,INV-000455,CUST-040,2024-05-01,1100.0,Credit Note Issued for Defective Replacement,Adjusted
CN-00011,RET-00011,INV-000472,CUST-029,2024-05-05,480.0,Credit Note Issued for Defective Replacement,Adjusted
CN-00012,RET-00012,INV-000490,CUST-031,2024-05-09,450.0,Credit Note Issued for Defective Replacement,Adjusted
CN-00013,RET-00013,INV-000574,CUST-005,2024-05-29,966.0,Credit Note Issued for Defective Replacement,Adjusted
CN-00014,RET-00014,INV-000584,CUST-014,2024-06-02,175.0,Credit Note Issued for Defective Replacement,Adjusted
CN-00015,RET-00015,INV-000643,CUST-021,2024-06-18,280.0,Credit Note Issued for Defective Replacement,Adjusted
CN-00016,RET-00016,INV-000678,CUST-010,2024-06-23,850.0,Credit Note Issued for Defective Replacement,Adjusted
CN-00017,RET-00017,INV-000806,CUST-005,2024-07-25,1100.0,Credit Note Issued for Defective Replacement,Adjusted
CN-00018,RET-00018,INV-000834,CUST-014,2024-07-30,75.0,Credit Note Issued for Defective Replacement,Adjusted
CN-00019,RET-00019,INV-000851,CUST-043,2024-08-01,2350.0,Credit Note Issued for Defective Replacement,Adjusted
CN-00020,RET-00020,INV-000861,CUST-041,2024-08-05,494.0,Credit Note Issued for Defective Replacement,Adjusted
CN-00021,RET-00021,INV-000878,CUST-004,2024-08-10,2508.0,Credit Note Issued for Defective Replacement,Adjusted
CN-00022,RET-00022,INV-000884,CUST-046,2024-08-10,2150.0,Credit Note Issued for Defective Replacement,Adjusted
CN-00023,RET-00023,INV-000897,CUST-023,2024-08-13,350.0,Credit Note Issued for Defective Replacement,Adjusted
CN-00024,RET-00024,INV-000931,CUST-003,2024-08-22,850.0,Credit Note Issued for Defective Replacement,Adjusted
CN-00025,RET-00025,INV-000942,CUST-010,2024-08-22,3450.0,Credit Note Issued for Defective Replacement,Adjusted
CN-00026,RET-00026,INV-000952,CUST-047,2024-08-22,175.0,Credit Note Issued for Defective Replacement,Adjusted
CN-00027,RET-00027,INV-000966,CUST-033,2024-08-28,150.0,Credit Note Issued for Defective Replacement,Adjusted
CN-00028,RET-00028,INV-000984,CUST-048,2024-08-31,1050.0,Credit Note Issued for Defective Replacement,Adjusted
CN-00029,RET-00029,INV-001052,CUST-020,2024-09-14,156.0,Credit Note Issued for Defective Replacement,Adjusted
CN-00030,RET-00030,INV-001142,CUST-016,2024-10-01,240.0,Credit Note Issued for Defective Replacement,Adjusted
CN-00031,RET-00031,INV-001187,CUST-013,2024-10-11,75.0,Credit Note Issued for Defective Replacement,Adjusted
CN-00032,RET-00032,INV-001198,CUST-041,2024-10-15,280.0,Credit Note Issued for Defective Replacement,Adjusted
CN-00033,RET-00033,INV-001227,CUST-040,2024-10-16,1050.0,Credit Note Issued for Defective Replacement,Adjusted
CN-00034,RET-00034,INV-001320,CUST-013,2024-11-09,315.0,Credit Note Issued for Defective Replacement,Adjusted
CN-00035,RET-00035,INV-001340,CUST-025,2024-11-09,1100.0,Credit Note Issued for Defective Replacement,Adjusted
CN-00036,RET-00036,INV-001468,CUST-043,2024-12-10,720.0,Credit Note Issued for Defective Replacement,Adjusted
CN-00037,RET-00037,INV-001592,CUST-017,2025-01-07,480.0,Credit Note Issued for Defective Replacement,Adjusted
CN-00038,RET-00038,INV-001755,CUST-036,2025-02-06,136.0,Credit Note Issued for Defective Replacement,Adjusted
CN-00039,RET-00039,INV-001788,CUST-021,2025-02-19,900.0,Credit Note Issued for Defective Replacement,Adjusted
CN-00040,RET-00040,INV-001799,CUST-037,2025-02-19,110.0,Credit Note Issued for Defective Replacement,Adjusted
CN-00041,RET-00041,INV-001928,CUST-015,2025-03-20,850.0,Credit Note Issued for Defective Replacement,Adjusted
CN-00042,RET-00042,INV-001968,CUST-034,2025-04-02,3105.0,Credit Note Issued for Defective Replacement,Adjusted
CN-00043,RET-00043,INV-001972,CUST-042,2025-04-04,5300.0,Credit Note Issued for Defective Replacement,Adjusted
CN-00044,RET-00044,INV-002168,CUST-048,2025-05-19,65.0,Credit Note Issued for Defective Replacement,Adjusted
CN-00045,RET-00045,INV-002189,CUST-032,2025-05-23,291.2,Credit Note Issued for Defective Replacement,Adjusted
CN-00046,RET-00046,INV-002218,CUST-025,2025-05-31,1935.0,Credit Note Issued for Defective Replacement,Adjusted
CN-00047,RET-00047,INV-002243,CUST-036,2025-06-03,145.0,Credit Note Issued for Defective Replacement,Adjusted
CN-00048,RET-00048,INV-002254,CUST-044,2025-06-07,330.0,Credit Note Issued for Defective Replacement,Adjusted
CN-00049,RET-00049,INV-002329,CUST-048,2025-06-25,240.0,Credit Note Issued for Defective Replacement,Adjusted
CN-00050,RET-00050,INV-002372,CUST-025,2025-07-05,1050.0,Credit Note Issued for Defective Replacement,Adjusted
CN-00051,RET-00051,INV-002402,CUST-034,2025-07-10,15.0,Credit Note Issued for Defective Replacement,Adjusted
CN-00052,RET-00052,INV-002430,CUST-037,2025-07-14,2350.0,Credit Note Issued for Defective Replacement,Adjusted
CN-00053,RET-00053,INV-002562,CUST-041,2025-08-12,300.0,Credit Note Issued for Defective Replacement,Adjusted
CN-00054,RET-00054,INV-002577,CUST-036,2025-08-14,310.0,Credit Note Issued for Defective Replacement,Adjusted
CN-00055,RET-00055,INV-002726,CUST-002,2025-09-21,560.0,Credit Note Issued for Defective Replacement,Adjusted
CN-00056,RET-00056,INV-002789,CUST-018,2025-10-04,850.0,Credit Note Issued for Defective Replacement,Adjusted
CN-00057,RET-00057,INV-002811,CUST-029,2025-10-12,7280.0,Credit Note Issued for Defective Replacement,Adjusted
CN-00058,RET-00058,INV-002841,CUST-032,2025-10-15,3192.0,Credit Note Issued for Defective Replacement,Adjusted
CN-00059,RET-00059,INV-002976,CUST-021,2025-11-13,850.0,Credit Note Issued for Defective Replacement,Adjusted
CN-00060,RET-00060,INV-003076,CUST-045,2025-12-04,2150.0,Credit Note Issued for Defective Replacement,Adjusted
CN-00061,RET-00061,INV-003171,CUST-025,2025-12-25,850.0,Credit Note Issued for Defective Replacement,Adjusted
CN-00062,RET-00062,INV-003373,CUST-030,2026-02-07,720.0,Credit Note Issued for Defective Replacement,Adjusted
CN-00063,RET-00063,INV-003379,CUST-025,2026-02-04,240.0,Credit Note Issued for Defective Replacement,Adjusted
CN-00064,RET-00064,INV-003435,CUST-031,2026-02-17,414.0,Credit Note Issued for Defective Replacement,Adjusted
CN-00065,RET-00065,INV-003678,CUST-004,2026-04-18,480.0,Credit Note Issued for Defective Replacement,Adjusted
CN-00066,RET-00066,INV-003798,CUST-046,2026-05-10,165.0,Credit Note Issued for Defective Replacement,Adjusted
CN-00067,RET-00067,INV-003837,CUST-006,2026-05-22,280.0,Credit Note Issued for Defective Replacement,Adjusted
CN-00068,RET-00068,INV-003864,CUST-021,2026-05-29,220.8,Credit Note Issued for Defective Replacement,Adjusted
CN-00069,RET-00069,INV-003899,CUST-015,2026-06-06,136.0,Credit Note Issued for Defective Replacement,Adjusted
CN-00070,RET-00070,INV-003985,CUST-023,2026-06-22,35.0,Credit Note Issued for Defective Replacement,Adjusted
CN-00071,RET-00071,INV-004040,CUST-007,2026-07-06,480.0,Credit Note Issued for Defective Replacement,Adjusted
CN-00072,RET-00072,INV-004059,CUST-031,2026-07-07,65.0,Credit Note Issued for Defective Replacement,Adjusted
CN-00073,RET-00073,INV-004438,CUST-001,2026-09-28,2072.0,Credit Note Issued for Defective Replacement,Adjusted
CN-00074,RET-00074,INV-004446,CUST-002,2026-09-27,720.0,Credit Note Issued for Defective Replacement,Adjusted
