return_id,invoice_id,order_id,customer_id,return_date,product_id,sku,quantity_returned,refund_amount,reason,status
RET-00001,INV-000004,SO-000004,CUST-028,2024-01-03,PRD-036,TAP-ELEC-BLK,1,15.0,Defective / Voltage Flickering,Approved
RET-00002,INV-000010,SO-000010,CUST-017,2024-01-09,PRD-012,FAN-EXH-150,1,1050.0,Defective / Voltage Flickering,Approved
RET-00003,INV-000123,SO-000123,CUST-023,2024-02-05,PRD-004,LED-BAT-20W,2,480.0,Defective / Voltage Flickering,Approved
RET-00004,INV-000149,SO-000149,CUST-024,2024-02-10,PRD-021,WIR-FR-100,2,2640.0,Defective / Voltage Flickering,Approved
RET-00005,INV-000207,SO-000207,CUST-019,2024-02-26,PRD-036,TAP-ELEC-BLK,1,15.0,Defective / Voltage Flickering,Approved
RET-00006,INV-000244,SO-000244,CUST-025,2024-03-07,PRD-004,LED-BAT-20W,1,240.0,Defective / Voltage Flickering,Approved
RET-00007,INV-000264,SO-000264,CUST-023,2024-03-13,PRD-030,MCB-DP-32A,2,760.0,Defective / Voltage Flickering,Approved
RET-00008,INV-000311,SO-000311,CUST-013,2024-03-24,PRD-037,LUG-COP-16MM,1,240.0,Defective / Voltage Flickering,Approved
RET-00009,INV-000428,SO-000428,CUST-026,2024-04-26,PRD-032,DB-SPN-08W,1,780.0,Defective / Voltage Flickering,Approved
RET-00010,INV-000455,SO-000455,CUST-040,2024-05-01,PRD-008,LED-FL-50W,1,1100.0,Defective / Voltage Flickering,Approved
RET-00011,INV-000472,SO-000472,CUST-029,2024-05-05,PRD-004,LED-BAT-20W,2,480.0,Defective / Voltage Flickering,Approved
RET-00012,INV-000490,SO-000490,CUST-031,2024-05-09,PRD-005,LED-BAT-36W,1,450.0,Defective / Voltage Flickering,Approved
RET-00013,INV-000574,SO-000574,CUST-005,2024-05-29,PRD-012,FAN-EXH-150,1,966.0,Defective / Voltage Flickering,Approved
RET-00014,INV-000584,SO-000584,CUST-014,2024-06-02,PRD-003,LED-BULB-18W,1,175.0,Defective / Voltage Flickering,Approved
RET-00015,INV-000643,SO-000643,CUST-021,2024-06-18,PRD-006,LED-PNL-15W,1,280.0,Defective / Voltage Flickering,Approved
RET-00016,INV-000678,SO-000678,CUST-010,2024-06-23,PRD-007,LED-PNL-24W,1,850.0,Defective / Voltage Flickering,Approved
RET-00017,INV-000806,SO-000806,CUST-005,2024-07-25,PRD-008,LED-FL-50W,1,1100.0,Defective / Voltage Flickering,Approved
RET-00018,INV-000834,SO-000834,CUST-014,2024-07-30,PRD-001,LED-BULB-09W,1,75.0,Defective / Voltage Flickering,Approved
RET-00019,INV-000851,SO-000851,CUST-043,2024-08-01,PRD-013,FAN-WALL-400,1,2350.0,Defective / Voltage Flickering,Approved
RET-00020,INV-000861,SO-000861,CUST-041,2024-08-05,PRD-026,CBL-ARM-4C10,2,494.0,Defective / Voltage Flickering,Approved
RET-00021,INV-000878,SO-000878,CUST-004,2024-08-10,PRD-021,WIR-FR-100,2,2508.0,Defective / Voltage Flickering,Approved
RET-00022,INV-000884,SO-000884,CUST-046,2024-08-10,PRD-010,FAN-CEIL-1200,1,2150.0,Defective / Voltage Flickering,Approved
RET-00023,INV-000897,SO-000897,CUST-023,2024-08-13,PRD-003,LED-BULB-18W,2,350.0,Defective / Voltage Flickering,Approved
RET-00024,INV-000931,SO-000931,CUST-003,2024-08-22,PRD-007,LED-PNL-24W,1,850.0,Defective / Voltage Flickering,Approved
RET-00025,INV-000942,SO-000942,CUST-010,2024-08-22,PRD-011,FAN-BLDC-1200,1,3450.0,Defective / Voltage Flickering,Approved
RET-00026,INV-000952,SO-000952,CUST-047,2024-08-22,PRD-003,LED-BULB-18W,1,175.0,Defective / Voltage Flickering,Approved
RET-00027,INV-000966,SO-000966,CUST-033,2024-08-28,PRD-001,LED-BULB-09W,2,150.0,Defective / Voltage Flickering,Approved
RET-00028,INV-000984,SO-000984,CUST-048,2024-08-31,PRD-012,FAN-EXH-150,1,1050.0,Defective / Voltage Flickering,Approved
RET-00029,INV-001052,SO-001052,CUST-020,2024-09-14,PRD-015,SW-MOD-16A,2,156.0,Defective / Voltage Flickering,Approved
RET-00030,INV-001142,SO-001142,CUST-016,2024-10-01,PRD-037,LUG-COP-16MM,1,240.0,Defective / Voltage Flickering,Approved
RET-00031,INV-001187,SO-001187,CUST-013,2024-10-11,PRD-001,LED-BULB-09W,1,75.0,Defective / Voltage Flickering,Approved
RET-00032,INV-001198,SO-001198,CUST-041,2024-10-15,PRD-006,LED-PNL-15W,1,280.0,Defective / Voltage Flickering,Approved
RET-00033,INV-001227,SO-001227,CUST-040,2024-10-16,PRD-012,FAN-EXH-150,1,1050.0,Defective / Voltage Flickering,Approved
RET-00034,INV-001320,SO-001320,CUST-013,2024-11-09,PRD-003,LED-BULB-18W,2,315.0,Defective / Voltage Flickering,Approved
RET-00035,INV-001340,SO-001340,CUST-025,2024-11-09,PRD-008,LED-FL-50W,1,1100.0,Defective / Voltage Flickering,Approved
RET-00036,INV-001468,SO-001468,CUST-043,2024-12-10,PRD-034,EXT-SPIKE-4W,2,720.0,Defective / Voltage Flickering,Approved
RET-00037,INV-001592,SO-001592,CUST-017,2025-01-07,PRD-004,LED-BAT-20W,2,480.0,Defective / Voltage Flickering,Approved
RET-00038,INV-001755,SO-001755,CUST-036,2025-02-06,PRD-016,SOC-MOD-6A,2,136.0,Defective / Voltage Flickering,Approved
RET-00039,INV-001788,SO-001788,CUST-021,2025-02-19,PRD-005,LED-BAT-36W,2,900.0,Defective / Voltage Flickering,Approved
RET-00040,INV-001799,SO-001799,CUST-037,2025-02-19,PRD-002,LED-BULB-12W,1,110.0,Defective / Voltage Flickering,Approved
RET-00041,INV-001928,SO-001928,CUST-015,2025-03-20,PRD-007,LED-PNL-24W,1,850.0,Defective / Voltage Flickering,Approved
RET-00042,INV-001968,SO-001968,CUST-034,2025-04-02,PRD-011,FAN-BLDC-1200,1,3105.0,Defective / Voltage Flickering,Approved
RET-00043,INV-001972,SO-001972,CUST-042,2025-04-04,PRD-033,DB-TPN-04W,2,5300.0,Defective / Voltage Flickering,Approved
RET-00044,INV-002168,SO-002168,CUST-048,2025-05-19,PRD-035,CON-PVC-25MM,1,65.0,Defective / Voltage Flickering,Approved
RET-00045,INV-002189,SO-002189,CUST-032,2025-05-23,PRD-026,CBL-ARM-4C10,1,291.2,Defective / Voltage Flickering,Approved
RET-00046,INV-002218,SO-002218,CUST-025,2025-05-31,PRD-010,FAN-CEIL-1200,1,1935.0,Defective / Voltage Flickering,Approved
RET-00047,INV-002243,SO-002243,CUST-036,2025-06-03,PRD-027,MCB-SP-10A,1,145.0,Defective / Voltage Flickering,Approved
RET-00048,INV-002254,SO-002254,CUST-044,2025-06-07,PRD-038,TST-VOLT-DIG,2,330.0,Defective / Voltage Flickering,Approved
RET-00049,INV-002329,SO-002329,CUST-048,2025-06-25,PRD-004,LED-BAT-20W,1,240.0,Defective / Voltage Flickering,Approved
RET-00050,INV-002372,SO-002372,CUST-025,2025-07-05,PRD-012,FAN-EXH-150,1,1050.0,Defective / Voltage Flickering,Approved
RET-00051,INV-002402,SO-002402,CUST-034,2025-07-10,PRD-036,TAP-ELEC-BLK,1,15.0,Defective / Voltage Flickering,Approved
RET-00052,INV-002430,SO-002430,CUST-037,2025-07-14,PRD-013,FAN-WALL-400,1,2350.0,Defective / Voltage Flickering,Approved
RET-00053,INV-002562,SO-002562,CUST-041,2025-08-12,PRD-028,MCB-SP-16A,2,300.0,Defective / Voltage Flickering,Approved
RET-00054,INV-002577,SO-002577,CUST-036,2025-08-14,PRD-020,PLT-MOD-8M,2,310.0,Defective / Voltage Flickering,Approved
RET-00055,INV-002726,SO-002726,CUST-002,2025-09-21,PRD-006,LED-PNL-15W,2,560.0,Defective / Voltage Flickering,Approved
RET-00056,INV-002789,SO-002789,CUST-018,2025-10-04,PRD-007,LED-PNL-24W,1,850.0,Defective / Voltage Flickering,Approved
RET-00057,INV-002811,SO-002811,CUST-029,2025-10-12,PRD-025,WIR-FR-600,1,7280.0,Defective / Voltage Flickering,Approved
RET-00058,INV-002841,SO-002841,CUST-032,2025-10-15,PRD-023,WIR-FR-250,1,3192.0,Defective / Voltage Flickering,Approved
RET-00059,INV-002976,SO-002976,CUST-021,2025-11-13,PRD-007,LED-PNL-24W,1,850.0,Defective / Voltage Flickering,Approved
RET-00060,INV-003076,SO-003076,CUST-045,2025-12-04,PRD-010,FAN-CEIL-1200,1,2150.0,Defective / Voltage Flickering,Approved
RET-00061,INV-003171,SO-003171,CUST-025,2025-12-25,PRD-007,LED-PNL-24W,1,850.0,Defective / Voltage Flickering,Approved
RET-00062,INV-003373,SO-003373,CUST-030,2026-02-07,PRD-034,EXT-SPIKE-4W,2,720.0,Defective / Voltage Flickering,Approved
RET-00063,INV-003379,SO-003379,CUST-025,2026-02-04,PRD-037,LUG-COP-16MM,1,240.0,Defective / Voltage Flickering,Approved
RET-00064,INV-003435,SO-003435,CUST-031,2026-02-17,PRD-005,LED-BAT-36W,1,414.0,Defective / Voltage Flickering,Approved
RET-00065,INV-003678,SO-003678,CUST-004,2026-04-18,PRD-018,REG-MOD-FAN,2,480.0,Defective / Voltage Flickering,Approved
RET-00066,INV-003798,SO-003798,CUST-046,2026-05-10,PRD-038,TST-VOLT-DIG,1,165.0,Defective / Voltage Flickering,Approved
RET-00067,INV-003837,SO-003837,CUST-006,2026-05-22,PRD-006,LED-PNL-15W,1,280.0,Defective / Voltage Flickering,Approved
RET-00068,INV-003864,SO-003864,CUST-021,2026-05-29,PRD-004,LED-BAT-20W,1,220.8,Defective / Voltage Flickering,Approved
RET-00069,INV-003899,SO-003899,CUST-015,2026-06-06,PRD-016,SOC-MOD-6A,2,136.0,Defective / Voltage Flickering,Approved
RET-00070,INV-003985,SO-003985,CUST-023,2026-06-22,PRD-014,SW-MOD-6A,1,35.0,Defective / Voltage Flickering,Approved
RET-00071,INV-004040,SO-004040,CUST-007,2026-07-06,PRD-037,LUG-COP-16MM,2,480.0,Defective / Voltage Flickering,Approved
RET-00072,INV-004059,SO-004059,CUST-031,2026-07-07,PRD-035,CON-PVC-25MM,1,65.0,Defective / Voltage Flickering,Approved
RET-00073,INV-004438,SO-004438,CUST-001,2026-09-28,PRD-022,WIR-FR-150,1,2072.0,Defective / Voltage Flickering,Approved
RET-00074,INV-004446,SO-004446,CUST-002,2026-09-27,PRD-034,EXT-SPIKE-4W,2,720.0,Defective / Voltage Flickering,Approved
