target_id,salesperson_id,salesperson_name,branch_id,target_month,period_start,period_end,target_amount,status
TGT-EMP-002-2024-01,EMP-002,Ravi Shankar,BR-01,2024-01,2024-01-01,2024-01-31,432250.0,Approved Monthly Sales Quota
TGT-EMP-003-2024-01,EMP-003,Anand Natarajan,BR-01,2024-01,2024-01-01,2024-01-31,271700.0,Approved Monthly Sales Quota
TGT-EMP-006-2024-01,EMP-006,Suresh Kumar,BR-02,2024-01,2024-01-01,2024-01-31,332500.0,Approved Monthly Sales Quota
TGT-EMP-007-2024-01,EMP-007,Deepak Sharma,BR-02,2024-01,2024-01-01,2024-01-31,209000.0,Approved Monthly Sales Quota
TGT-EMP-009-2024-01,EMP-009,Ganesh Balaji,BR-03,2024-01,2024-01-01,2024-01-31,299250.0,Approved Monthly Sales Quota
TGT-EMP-010-2024-01,EMP-010,Santhosh Pandian,BR-03,2024-01,2024-01-01,2024-01-31,188100.0,Approved Monthly Sales Quota
TGT-EMP-012-2024-01,EMP-012,Lavanya Krishnan,BR-03,2024-01,2024-01-01,2024-01-31,188100.0,Approved Monthly Sales Quota
TGT-EMP-002-2024-02,EMP-002,Ravi Shankar,BR-01,2024-02,2024-02-01,2024-02-29,409500.0,Approved Monthly Sales Quota
TGT-EMP-003-2024-02,EMP-003,Anand Natarajan,BR-01,2024-02,2024-02-01,2024-02-29,257400.0,Approved Monthly Sales Quota
TGT-EMP-006-2024-02,EMP-006,Suresh Kumar,BR-02,2024-02,2024-02-01,2024-02-29,315000.0,Approved Monthly Sales Quota
TGT-EMP-007-2024-02,EMP-007,Deepak Sharma,BR-02,2024-02,2024-02-01,2024-02-29,198000.0,Approved Monthly Sales Quota
TGT-EMP-009-2024-02,EMP-009,Ganesh Balaji,BR-03,2024-02,2024-02-01,2024-02-29,283500.0,Approved Monthly Sales Quota
TGT-EMP-010-2024-02,EMP-010,Santhosh Pandian,BR-03,2024-02,2024-02-01,2024-02-29,178200.0,Approved Monthly Sales Quota
TGT-EMP-012-2024-02,EMP-012,Lavanya Krishnan,BR-03,2024-02,2024-02-01,2024-02-29,178200.0,Approved Monthly Sales Quota
TGT-EMP-002-2024-03,EMP-002,Ravi Shankar,BR-01,2024-03,2024-03-01,2024-03-31,409500.0,Approved Monthly Sales Quota
TGT-EMP-003-2024-03,EMP-003,Anand Natarajan,BR-01,2024-03,2024-03-01,2024-03-31,257400.0,Approved Monthly Sales Quota
TGT-EMP-006-2024-03,EMP-006,Suresh Kumar,BR-02,2024-03,2024-03-01,2024-03-31,315000.0,Approved Monthly Sales Quota
TGT-EMP-007-2024-03,EMP-007,Deepak Sharma,BR-02,2024-03,2024-03-01,2024-03-31,198000.0,Approved Monthly Sales Quota
TGT-EMP-009-2024-03,EMP-009,Ganesh Balaji,BR-03,2024-03,2024-03-01,2024-03-31,283500.0,Approved Monthly Sales Quota
TGT-EMP-010-2024-03,EMP-010,Santhosh Pandian,BR-03,2024-03,2024-03-01,2024-03-31,178200.0,Approved Monthly Sales Quota
TGT-EMP-012-2024-03,EMP-012,Lavanya Krishnan,BR-03,2024-03,2024-03-01,2024-03-31,178200.0,Approved Monthly Sales Quota
TGT-EMP-002-2024-04,EMP-002,Ravi Shankar,BR-01,2024-04,2024-04-01,2024-04-30,409500.0,Approved Monthly Sales Quota
TGT-EMP-003-2024-04,EMP-003,Anand Natarajan,BR-01,2024-04,2024-04-01,2024-04-30,257400.0,Approved Monthly Sales Quota
TGT-EMP-006-2024-04,EMP-006,Suresh Kumar,BR-02,2024-04,2024-04-01,2024-04-30,315000.0,Approved Monthly Sales Quota
TGT-EMP-007-2024-04,EMP-007,Deepak Sharma,BR-02,2024-04,2024-04-01,2024-04-30,198000.0,Approved Monthly Sales Quota
TGT-EMP-009-2024-04,EMP-009,Ganesh Balaji,BR-03,2024-04,2024-04-01,2024-04-30,283500.0,Approved Monthly Sales Quota
TGT-EMP-010-2024-04,EMP-010,Santhosh Pandian,BR-03,2024-04,2024-04-01,2024-04-30,178200.0,Approved Monthly Sales Quota
TGT-EMP-012-2024-04,EMP-012,Lavanya Krishnan,BR-03,2024-04,2024-04-01,2024-04-30,178200.0,Approved Monthly Sales Quota
TGT-EMP-002-2024-05,EMP-002,Ravi Shankar,BR-01,2024-05,2024-05-01,2024-05-31,432250.0,Approved Monthly Sales Quota
TGT-EMP-003-2024-05,EMP-003,Anand Natarajan,BR-01,2024-05,2024-05-01,2024-05-31,271700.0,Approved Monthly Sales Quota
TGT-EMP-006-2024-05,EMP-006,Suresh Kumar,BR-02,2024-05,2024-05-01,2024-05-31,332500.0,Approved Monthly Sales Quota
TGT-EMP-007-2024-05,EMP-007,Deepak Sharma,BR-02,2024-05,2024-05-01,2024-05-31,209000.0,Approved Monthly Sales Quota
TGT-EMP-009-2024-05,EMP-009,Ganesh Balaji,BR-03,2024-05,2024-05-01,2024-05-31,299250.0,Approved Monthly Sales Quota
TGT-EMP-010-2024-05,EMP-010,Santhosh Pandian,BR-03,2024-05,2024-05-01,2024-05-31,188100.0,Approved Monthly Sales Quota
TGT-EMP-012-2024-05,EMP-012,Lavanya Krishnan,BR-03,2024-05,2024-05-01,2024-05-31,188100.0,Approved Monthly Sales Quota
TGT-EMP-002-2024-06,EMP-002,Ravi Shankar,BR-01,2024-06,2024-06-01,2024-06-30,409500.0,Approved Monthly Sales Quota
TGT-EMP-003-2024-06,EMP-003,Anand Natarajan,BR-01,2024-06,2024-06-01,2024-06-30,257400.0,Approved Monthly Sales Quota
TGT-EMP-006-2024-06,EMP-006,Suresh Kumar,BR-02,2024-06,2024-06-01,2024-06-30,315000.0,Approved Monthly Sales Quota
TGT-EMP-007-2024-06,EMP-007,Deepak Sharma,BR-02,2024-06,2024-06-01,2024-06-30,198000.0,Approved Monthly Sales Quota
TGT-EMP-009-2024-06,EMP-009,Ganesh Balaji,BR-03,2024-06,2024-06-01,2024-06-30,283500.0,Approved Monthly Sales Quota
TGT-EMP-010-2024-06,EMP-010,Santhosh Pandian,BR-03,2024-06,2024-06-01,2024-06-30,178200.0,Approved Monthly Sales Quota
TGT-EMP-012-2024-06,EMP-012,Lavanya Krishnan,BR-03,2024-06,2024-06-01,2024-06-30,178200.0,Approved Monthly Sales Quota
TGT-EMP-002-2024-07,EMP-002,Ravi Shankar,BR-01,2024-07,2024-07-01,2024-07-31,432250.0,Approved Monthly Sales Quota
TGT-EMP-003-2024-07,EMP-003,Anand Natarajan,BR-01,2024-07,2024-07-01,2024-07-31,271700.0,Approved Monthly Sales Quota
TGT-EMP-006-2024-07,EMP-006,Suresh Kumar,BR-02,2024-07,2024-07-01,2024-07-31,332500.0,Approved Monthly Sales Quota
TGT-EMP-007-2024-07,EMP-007,Deepak Sharma,BR-02,2024-07,2024-07-01,2024-07-31,209000.0,Approved Monthly Sales Quota
TGT-EMP-009-2024-07,EMP-009,Ganesh Balaji,BR-03,2024-07,2024-07-01,2024-07-31,299250.0,Approved Monthly Sales Quota
TGT-EMP-010-2024-07,EMP-010,Santhosh Pandian,BR-03,2024-07,2024-07-01,2024-07-31,188100.0,Approved Monthly Sales Quota
TGT-EMP-012-2024-07,EMP-012,Lavanya Krishnan,BR-03,2024-07,2024-07-01,2024-07-31,188100.0,Approved Monthly Sales Quota
TGT-EMP-002-2024-08,EMP-002,Ravi Shankar,BR-01,2024-08,2024-08-01,2024-08-31,477750.0,Approved Monthly Sales Quota
TGT-EMP-003-2024-08,EMP-003,Anand Natarajan,BR-01,2024-08,2024-08-01,2024-08-31,300300.0,Approved Monthly Sales Quota
TGT-EMP-006-2024-08,EMP-006,Suresh Kumar,BR-02,2024-08,2024-08-01,2024-08-31,367500.0,Approved Monthly Sales Quota
TGT-EMP-007-2024-08,EMP-007,Deepak Sharma,BR-02,2024-08,2024-08-01,2024-08-31,231000.0,Approved Monthly Sales Quota
TGT-EMP-009-2024-08,EMP-009,Ganesh Balaji,BR-03,2024-08,2024-08-01,2024-08-31,330750.0,Approved Monthly Sales Quota
TGT-EMP-010-2024-08,EMP-010,Santhosh Pandian,BR-03,2024-08,2024-08-01,2024-08-31,207900.0,Approved Monthly Sales Quota
TGT-EMP-012-2024-08,EMP-012,Lavanya Krishnan,BR-03,2024-08,2024-08-01,2024-08-31,207900.0,Approved Monthly Sales Quota
TGT-EMP-002-2024-09,EMP-002,Ravi Shankar,BR-01,2024-09,2024-09-01,2024-09-30,523250.0,Approved Monthly Sales Quota
TGT-EMP-003-2024-09,EMP-003,Anand Natarajan,BR-01,2024-09,2024-09-01,2024-09-30,328900.0,Approved Monthly Sales Quota
TGT-EMP-006-2024-09,EMP-006,Suresh Kumar,BR-02,2024-09,2024-09-01,2024-09-30,402500.0,Approved Monthly Sales Quota
TGT-EMP-007-2024-09,EMP-007,Deepak Sharma,BR-02,2024-09,2024-09-01,2024-09-30,253000.0,Approved Monthly Sales Quota
TGT-EMP-009-2024-09,EMP-009,Ganesh Balaji,BR-03,2024-09,2024-09-01,2024-09-30,362250.0,Approved Monthly Sales Quota
TGT-EMP-010-2024-09,EMP-010,Santhosh Pandian,BR-03,2024-09,2024-09-01,2024-09-30,227700.0,Approved Monthly Sales Quota
TGT-EMP-012-2024-09,EMP-012,Lavanya Krishnan,BR-03,2024-09,2024-09-01,2024-09-30,227700.0,Approved Monthly Sales Quota
TGT-EMP-002-2024-10,EMP-002,Ravi Shankar,BR-01,2024-10,2024-10-01,2024-10-31,659750.0,Approved Monthly Sales Quota
TGT-EMP-003-2024-10,EMP-003,Anand Natarajan,BR-01,2024-10,2024-10-01,2024-10-31,414700.0,Approved Monthly Sales Quota
TGT-EMP-006-2024-10,EMP-006,Suresh Kumar,BR-02,2024-10,2024-10-01,2024-10-31,507500.0,Approved Monthly Sales Quota
TGT-EMP-007-2024-10,EMP-007,Deepak Sharma,BR-02,2024-10,2024-10-01,2024-10-31,319000.0,Approved Monthly Sales Quota
TGT-EMP-009-2024-10,EMP-009,Ganesh Balaji,BR-03,2024-10,2024-10-01,2024-10-31,456750.0,Approved Monthly Sales Quota
TGT-EMP-010-2024-10,EMP-010,Santhosh Pandian,BR-03,2024-10,2024-10-01,2024-10-31,287100.0,Approved Monthly Sales Quota
TGT-EMP-012-2024-10,EMP-012,Lavanya Krishnan,BR-03,2024-10,2024-10-01,2024-10-31,287100.0,Approved Monthly Sales Quota
TGT-EMP-002-2024-11,EMP-002,Ravi Shankar,BR-01,2024-11,2024-11-01,2024-11-30,614250.0,Approved Monthly Sales Quota
TGT-EMP-003-2024-11,EMP-003,Anand Natarajan,BR-01,2024-11,2024-11-01,2024-11-30,386100.0,Approved Monthly Sales Quota
TGT-EMP-006-2024-11,EMP-006,Suresh Kumar,BR-02,2024-11,2024-11-01,2024-11-30,472500.0,Approved Monthly Sales Quota
TGT-EMP-007-2024-11,EMP-007,Deepak Sharma,BR-02,2024-11,2024-11-01,2024-11-30,297000.0,Approved Monthly Sales Quota
TGT-EMP-009-2024-11,EMP-009,Ganesh Balaji,BR-03,2024-11,2024-11-01,2024-11-30,425250.0,Approved Monthly Sales Quota
TGT-EMP-010-2024-11,EMP-010,Santhosh Pandian,BR-03,2024-11,2024-11-01,2024-11-30,267300.0,Approved Monthly Sales Quota
TGT-EMP-012-2024-11,EMP-012,Lavanya Krishnan,BR-03,2024-11,2024-11-01,2024-11-30,267300.0,Approved Monthly Sales Quota
TGT-EMP-002-2024-12,EMP-002,Ravi Shankar,BR-01,2024-12,2024-12-01,2024-12-31,477750.0,Approved Monthly Sales Quota
TGT-EMP-003-2024-12,EMP-003,Anand Natarajan,BR-01,2024-12,2024-12-01,2024-12-31,300300.0,Approved Monthly Sales Quota
TGT-EMP-006-2024-12,EMP-006,Suresh Kumar,BR-02,2024-12,2024-12-01,2024-12-31,367500.0,Approved Monthly Sales Quota
TGT-EMP-007-2024-12,EMP-007,Deepak Sharma,BR-02,2024-12,2024-12-01,2024-12-31,231000.0,Approved Monthly Sales Quota
TGT-EMP-009-2024-12,EMP-009,Ganesh Balaji,BR-03,2024-12,2024-12-01,2024-12-31,330750.0,Approved Monthly Sales Quota
TGT-EMP-010-2024-12,EMP-010,Santhosh Pandian,BR-03,2024-12,2024-12-01,2024-12-31,207900.0,Approved Monthly Sales Quota
TGT-EMP-012-2024-12,EMP-012,Lavanya Krishnan,BR-03,2024-12,2024-12-01,2024-12-31,207900.0,Approved Monthly Sales Quota
TGT-EMP-002-2025-01,EMP-002,Ravi Shankar,BR-01,2025-01,2025-01-01,2025-01-31,432250.0,Approved Monthly Sales Quota
TGT-EMP-003-2025-01,EMP-003,Anand Natarajan,BR-01,2025-01,2025-01-01,2025-01-31,271700.0,Approved Monthly Sales Quota
TGT-EMP-006-2025-01,EMP-006,Suresh Kumar,BR-02,2025-01,2025-01-01,2025-01-31,332500.0,Approved Monthly Sales Quota
TGT-EMP-007-2025-01,EMP-007,Deepak Sharma,BR-02,2025-01,2025-01-01,2025-01-31,209000.0,Approved Monthly Sales Quota
TGT-EMP-009-2025-01,EMP-009,Ganesh Balaji,BR-03,2025-01,2025-01-01,2025-01-31,299250.0,Approved Monthly Sales Quota
TGT-EMP-010-2025-01,EMP-010,Santhosh Pandian,BR-03,2025-01,2025-01-01,2025-01-31,188100.0,Approved Monthly Sales Quota
TGT-EMP-012-2025-01,EMP-012,Lavanya Krishnan,BR-03,2025-01,2025-01-01,2025-01-31,188100.0,Approved Monthly Sales Quota
TGT-EMP-002-2025-02,EMP-002,Ravi Shankar,BR-01,2025-02,2025-02-01,2025-02-28,409500.0,Approved Monthly Sales Quota
TGT-EMP-003-2025-02,EMP-003,Anand Natarajan,BR-01,2025-02,2025-02-01,2025-02-28,257400.0,Approved Monthly Sales Quota
TGT-EMP-006-2025-02,EMP-006,Suresh Kumar,BR-02,2025-02,2025-02-01,2025-02-28,315000.0,Approved Monthly Sales Quota
TGT-EMP-007-2025-02,EMP-007,Deepak Sharma,BR-02,2025-02,2025-02-01,2025-02-28,198000.0,Approved Monthly Sales Quota
TGT-EMP-009-2025-02,EMP-009,Ganesh Balaji,BR-03,2025-02,2025-02-01,2025-02-28,283500.0,Approved Monthly Sales Quota
TGT-EMP-010-2025-02,EMP-010,Santhosh Pandian,BR-03,2025-02,2025-02-01,2025-02-28,178200.0,Approved Monthly Sales Quota
TGT-EMP-012-2025-02,EMP-012,Lavanya Krishnan,BR-03,2025-02,2025-02-01,2025-02-28,178200.0,Approved Monthly Sales Quota
TGT-EMP-002-2025-03,EMP-002,Ravi Shankar,BR-01,2025-03,2025-03-01,2025-03-31,409500.0,Approved Monthly Sales Quota
TGT-EMP-003-2025-03,EMP-003,Anand Natarajan,BR-01,2025-03,2025-03-01,2025-03-31,257400.0,Approved Monthly Sales Quota
TGT-EMP-006-2025-03,EMP-006,Suresh Kumar,BR-02,2025-03,2025-03-01,2025-03-31,315000.0,Approved Monthly Sales Quota
TGT-EMP-007-2025-03,EMP-007,Deepak Sharma,BR-02,2025-03,2025-03-01,2025-03-31,198000.0,Approved Monthly Sales Quota
TGT-EMP-009-2025-03,EMP-009,Ganesh Balaji,BR-03,2025-03,2025-03-01,2025-03-31,283500.0,Approved Monthly Sales Quota
TGT-EMP-010-2025-03,EMP-010,Santhosh Pandian,BR-03,2025-03,2025-03-01,2025-03-31,178200.0,Approved Monthly Sales Quota
TGT-EMP-012-2025-03,EMP-012,Lavanya Krishnan,BR-03,2025-03,2025-03-01,2025-03-31,178200.0,Approved Monthly Sales Quota
TGT-EMP-002-2025-04,EMP-002,Ravi Shankar,BR-01,2025-04,2025-04-01,2025-04-30,409500.0,Approved Monthly Sales Quota
TGT-EMP-003-2025-04,EMP-003,Anand Natarajan,BR-01,2025-04,2025-04-01,2025-04-30,257400.0,Approved Monthly Sales Quota
TGT-EMP-006-2025-04,EMP-006,Suresh Kumar,BR-02,2025-04,2025-04-01,2025-04-30,315000.0,Approved Monthly Sales Quota
TGT-EMP-007-2025-04,EMP-007,Deepak Sharma,BR-02,2025-04,2025-04-01,2025-04-30,198000.0,Approved Monthly Sales Quota
TGT-EMP-009-2025-04,EMP-009,Ganesh Balaji,BR-03,2025-04,2025-04-01,2025-04-30,283500.0,Approved Monthly Sales Quota
TGT-EMP-010-2025-04,EMP-010,Santhosh Pandian,BR-03,2025-04,2025-04-01,2025-04-30,178200.0,Approved Monthly Sales Quota
TGT-EMP-012-2025-04,EMP-012,Lavanya Krishnan,BR-03,2025-04,2025-04-01,2025-04-30,178200.0,Approved Monthly Sales Quota
TGT-EMP-002-2025-05,EMP-002,Ravi Shankar,BR-01,2025-05,2025-05-01,2025-05-31,432250.0,Approved Monthly Sales Quota
TGT-EMP-003-2025-05,EMP-003,Anand Natarajan,BR-01,2025-05,2025-05-01,2025-05-31,271700.0,Approved Monthly Sales Quota
TGT-EMP-006-2025-05,EMP-006,Suresh Kumar,BR-02,2025-05,2025-05-01,2025-05-31,332500.0,Approved Monthly Sales Quota
TGT-EMP-007-2025-05,EMP-007,Deepak Sharma,BR-02,2025-05,2025-05-01,2025-05-31,209000.0,Approved Monthly Sales Quota
TGT-EMP-009-2025-05,EMP-009,Ganesh Balaji,BR-03,2025-05,2025-05-01,2025-05-31,299250.0,Approved Monthly Sales Quota
TGT-EMP-010-2025-05,EMP-010,Santhosh Pandian,BR-03,2025-05,2025-05-01,2025-05-31,188100.0,Approved Monthly Sales Quota
TGT-EMP-012-2025-05,EMP-012,Lavanya Krishnan,BR-03,2025-05,2025-05-01,2025-05-31,188100.0,Approved Monthly Sales Quota
TGT-EMP-002-2025-06,EMP-002,Ravi Shankar,BR-01,2025-06,2025-06-01,2025-06-30,409500.0,Approved Monthly Sales Quota
TGT-EMP-003-2025-06,EMP-003,Anand Natarajan,BR-01,2025-06,2025-06-01,2025-06-30,257400.0,Approved Monthly Sales Quota
TGT-EMP-006-2025-06,EMP-006,Suresh Kumar,BR-02,2025-06,2025-06-01,2025-06-30,315000.0,Approved Monthly Sales Quota
TGT-EMP-007-2025-06,EMP-007,Deepak Sharma,BR-02,2025-06,2025-06-01,2025-06-30,198000.0,Approved Monthly Sales Quota
TGT-EMP-009-2025-06,EMP-009,Ganesh Balaji,BR-03,2025-06,2025-06-01,2025-06-30,283500.0,Approved Monthly Sales Quota
TGT-EMP-010-2025-06,EMP-010,Santhosh Pandian,BR-03,2025-06,2025-06-01,2025-06-30,178200.0,Approved Monthly Sales Quota
TGT-EMP-012-2025-06,EMP-012,Lavanya Krishnan,BR-03,2025-06,2025-06-01,2025-06-30,178200.0,Approved Monthly Sales Quota
TGT-EMP-002-2025-07,EMP-002,Ravi Shankar,BR-01,2025-07,2025-07-01,2025-07-31,432250.0,Approved Monthly Sales Quota
TGT-EMP-003-2025-07,EMP-003,Anand Natarajan,BR-01,2025-07,2025-07-01,2025-07-31,271700.0,Approved Monthly Sales Quota
TGT-EMP-006-2025-07,EMP-006,Suresh Kumar,BR-02,2025-07,2025-07-01,2025-07-31,332500.0,Approved Monthly Sales Quota
TGT-EMP-007-2025-07,EMP-007,Deepak Sharma,BR-02,2025-07,2025-07-01,2025-07-31,209000.0,Approved Monthly Sales Quota
TGT-EMP-009-2025-07,EMP-009,Ganesh Balaji,BR-03,2025-07,2025-07-01,2025-07-31,299250.0,Approved Monthly Sales Quota
TGT-EMP-010-2025-07,EMP-010,Santhosh Pandian,BR-03,2025-07,2025-07-01,2025-07-31,188100.0,Approved Monthly Sales Quota
TGT-EMP-012-2025-07,EMP-012,Lavanya Krishnan,BR-03,2025-07,2025-07-01,2025-07-31,188100.0,Approved Monthly Sales Quota
TGT-EMP-002-2025-08,EMP-002,Ravi Shankar,BR-01,2025-08,2025-08-01,2025-08-31,477750.0,Approved Monthly Sales Quota
TGT-EMP-003-2025-08,EMP-003,Anand Natarajan,BR-01,2025-08,2025-08-01,2025-08-31,300300.0,Approved Monthly Sales Quota
TGT-EMP-006-2025-08,EMP-006,Suresh Kumar,BR-02,2025-08,2025-08-01,2025-08-31,367500.0,Approved Monthly Sales Quota
TGT-EMP-007-2025-08,EMP-007,Deepak Sharma,BR-02,2025-08,2025-08-01,2025-08-31,231000.0,Approved Monthly Sales Quota
TGT-EMP-009-2025-08,EMP-009,Ganesh Balaji,BR-03,2025-08,2025-08-01,2025-08-31,330750.0,Approved Monthly Sales Quota
TGT-EMP-010-2025-08,EMP-010,Santhosh Pandian,BR-03,2025-08,2025-08-01,2025-08-31,207900.0,Approved Monthly Sales Quota
TGT-EMP-012-2025-08,EMP-012,Lavanya Krishnan,BR-03,2025-08,2025-08-01,2025-08-31,207900.0,Approved Monthly Sales Quota
TGT-EMP-002-2025-09,EMP-002,Ravi Shankar,BR-01,2025-09,2025-09-01,2025-09-30,523250.0,Approved Monthly Sales Quota
TGT-EMP-003-2025-09,EMP-003,Anand Natarajan,BR-01,2025-09,2025-09-01,2025-09-30,328900.0,Approved Monthly Sales Quota
TGT-EMP-006-2025-09,EMP-006,Suresh Kumar,BR-02,2025-09,2025-09-01,2025-09-30,402500.0,Approved Monthly Sales Quota
TGT-EMP-007-2025-09,EMP-007,Deepak Sharma,BR-02,2025-09,2025-09-01,2025-09-30,253000.0,Approved Monthly Sales Quota
TGT-EMP-009-2025-09,EMP-009,Ganesh Balaji,BR-03,2025-09,2025-09-01,2025-09-30,362250.0,Approved Monthly Sales Quota
TGT-EMP-010-2025-09,EMP-010,Santhosh Pandian,BR-03,2025-09,2025-09-01,2025-09-30,227700.0,Approved Monthly Sales Quota
TGT-EMP-012-2025-09,EMP-012,Lavanya Krishnan,BR-03,2025-09,2025-09-01,2025-09-30,227700.0,Approved Monthly Sales Quota
TGT-EMP-002-2025-10,EMP-002,Ravi Shankar,BR-01,2025-10,2025-10-01,2025-10-31,659750.0,Approved Monthly Sales Quota
TGT-EMP-003-2025-10,EMP-003,Anand Natarajan,BR-01,2025-10,2025-10-01,2025-10-31,414700.0,Approved Monthly Sales Quota
TGT-EMP-006-2025-10,EMP-006,Suresh Kumar,BR-02,2025-10,2025-10-01,2025-10-31,507500.0,Approved Monthly Sales Quota
TGT-EMP-007-2025-10,EMP-007,Deepak Sharma,BR-02,2025-10,2025-10-01,2025-10-31,319000.0,Approved Monthly Sales Quota
TGT-EMP-009-2025-10,EMP-009,Ganesh Balaji,BR-03,2025-10,2025-10-01,2025-10-31,456750.0,Approved Monthly Sales Quota
TGT-EMP-010-2025-10,EMP-010,Santhosh Pandian,BR-03,2025-10,2025-10-01,2025-10-31,287100.0,Approved Monthly Sales Quota
TGT-EMP-012-2025-10,EMP-012,Lavanya Krishnan,BR-03,2025-10,2025-10-01,2025-10-31,287100.0,Approved Monthly Sales Quota
TGT-EMP-002-2025-11,EMP-002,Ravi Shankar,BR-01,2025-11,2025-11-01,2025-11-30,614250.0,Approved Monthly Sales Quota
TGT-EMP-003-2025-11,EMP-003,Anand Natarajan,BR-01,2025-11,2025-11-01,2025-11-30,386100.0,Approved Monthly Sales Quota
TGT-EMP-006-2025-11,EMP-006,Suresh Kumar,BR-02,2025-11,2025-11-01,2025-11-30,472500.0,Approved Monthly Sales Quota
TGT-EMP-007-2025-11,EMP-007,Deepak Sharma,BR-02,2025-11,2025-11-01,2025-11-30,297000.0,Approved Monthly Sales Quota
TGT-EMP-009-2025-11,EMP-009,Ganesh Balaji,BR-03,2025-11,2025-11-01,2025-11-30,425250.0,Approved Monthly Sales Quota
TGT-EMP-010-2025-11,EMP-010,Santhosh Pandian,BR-03,2025-11,2025-11-01,2025-11-30,267300.0,Approved Monthly Sales Quota
TGT-EMP-012-2025-11,EMP-012,Lavanya Krishnan,BR-03,2025-11,2025-11-01,2025-11-30,267300.0,Approved Monthly Sales Quota
TGT-EMP-002-2025-12,EMP-002,Ravi Shankar,BR-01,2025-12,2025-12-01,2025-12-31,477750.0,Approved Monthly Sales Quota
TGT-EMP-003-2025-12,EMP-003,Anand Natarajan,BR-01,2025-12,2025-12-01,2025-12-31,300300.0,Approved Monthly Sales Quota
TGT-EMP-006-2025-12,EMP-006,Suresh Kumar,BR-02,2025-12,2025-12-01,2025-12-31,367500.0,Approved Monthly Sales Quota
TGT-EMP-007-2025-12,EMP-007,Deepak Sharma,BR-02,2025-12,2025-12-01,2025-12-31,231000.0,Approved Monthly Sales Quota
TGT-EMP-009-2025-12,EMP-009,Ganesh Balaji,BR-03,2025-12,2025-12-01,2025-12-31,330750.0,Approved Monthly Sales Quota
TGT-EMP-010-2025-12,EMP-010,Santhosh Pandian,BR-03,2025-12,2025-12-01,2025-12-31,207900.0,Approved Monthly Sales Quota
TGT-EMP-012-2025-12,EMP-012,Lavanya Krishnan,BR-03,2025-12,2025-12-01,2025-12-31,207900.0,Approved Monthly Sales Quota
TGT-EMP-002-2026-01,EMP-002,Ravi Shankar,BR-01,2026-01,2026-01-01,2026-01-31,432250.0,Approved Monthly Sales Quota
TGT-EMP-003-2026-01,EMP-003,Anand Natarajan,BR-01,2026-01,2026-01-01,2026-01-31,271700.0,Approved Monthly Sales Quota
TGT-EMP-006-2026-01,EMP-006,Suresh Kumar,BR-02,2026-01,2026-01-01,2026-01-31,332500.0,Approved Monthly Sales Quota
TGT-EMP-007-2026-01,EMP-007,Deepak Sharma,BR-02,2026-01,2026-01-01,2026-01-31,209000.0,Approved Monthly Sales Quota
TGT-EMP-009-2026-01,EMP-009,Ganesh Balaji,BR-03,2026-01,2026-01-01,2026-01-31,299250.0,Approved Monthly Sales Quota
TGT-EMP-010-2026-01,EMP-010,Santhosh Pandian,BR-03,2026-01,2026-01-01,2026-01-31,188100.0,Approved Monthly Sales Quota
TGT-EMP-012-2026-01,EMP-012,Lavanya Krishnan,BR-03,2026-01,2026-01-01,2026-01-31,188100.0,Approved Monthly Sales Quota
TGT-EMP-002-2026-02,EMP-002,Ravi Shankar,BR-01,2026-02,2026-02-01,2026-02-28,409500.0,Approved Monthly Sales Quota
TGT-EMP-003-2026-02,EMP-003,Anand Natarajan,BR-01,2026-02,2026-02-01,2026-02-28,257400.0,Approved Monthly Sales Quota
TGT-EMP-006-2026-02,EMP-006,Suresh Kumar,BR-02,2026-02,2026-02-01,2026-02-28,315000.0,Approved Monthly Sales Quota
TGT-EMP-007-2026-02,EMP-007,Deepak Sharma,BR-02,2026-02,2026-02-01,2026-02-28,198000.0,Approved Monthly Sales Quota
TGT-EMP-009-2026-02,EMP-009,Ganesh Balaji,BR-03,2026-02,2026-02-01,2026-02-28,283500.0,Approved Monthly Sales Quota
TGT-EMP-010-2026-02,EMP-010,Santhosh Pandian,BR-03,2026-02,2026-02-01,2026-02-28,178200.0,Approved Monthly Sales Quota
TGT-EMP-012-2026-02,EMP-012,Lavanya Krishnan,BR-03,2026-02,2026-02-01,2026-02-28,178200.0,Approved Monthly Sales Quota
TGT-EMP-002-2026-03,EMP-002,Ravi Shankar,BR-01,2026-03,2026-03-01,2026-03-31,409500.0,Approved Monthly Sales Quota
TGT-EMP-003-2026-03,EMP-003,Anand Natarajan,BR-01,2026-03,2026-03-01,2026-03-31,257400.0,Approved Monthly Sales Quota
TGT-EMP-006-2026-03,EMP-006,Suresh Kumar,BR-02,2026-03,2026-03-01,2026-03-31,315000.0,Approved Monthly Sales Quota
TGT-EMP-007-2026-03,EMP-007,Deepak Sharma,BR-02,2026-03,2026-03-01,2026-03-31,198000.0,Approved Monthly Sales Quota
TGT-EMP-009-2026-03,EMP-009,Ganesh Balaji,BR-03,2026-03,2026-03-01,2026-03-31,283500.0,Approved Monthly Sales Quota
TGT-EMP-010-2026-03,EMP-010,Santhosh Pandian,BR-03,2026-03,2026-03-01,2026-03-31,178200.0,Approved Monthly Sales Quota
TGT-EMP-012-2026-03,EMP-012,Lavanya Krishnan,BR-03,2026-03,2026-03-01,2026-03-31,178200.0,Approved Monthly Sales Quota
TGT-EMP-002-2026-04,EMP-002,Ravi Shankar,BR-01,2026-04,2026-04-01,2026-04-30,409500.0,Approved Monthly Sales Quota
TGT-EMP-003-2026-04,EMP-003,Anand Natarajan,BR-01,2026-04,2026-04-01,2026-04-30,257400.0,Approved Monthly Sales Quota
TGT-EMP-006-2026-04,EMP-006,Suresh Kumar,BR-02,2026-04,2026-04-01,2026-04-30,315000.0,Approved Monthly Sales Quota
TGT-EMP-007-2026-04,EMP-007,Deepak Sharma,BR-02,2026-04,2026-04-01,2026-04-30,198000.0,Approved Monthly Sales Quota
TGT-EMP-009-2026-04,EMP-009,Ganesh Balaji,BR-03,2026-04,2026-04-01,2026-04-30,283500.0,Approved Monthly Sales Quota
TGT-EMP-010-2026-04,EMP-010,Santhosh Pandian,BR-03,2026-04,2026-04-01,2026-04-30,178200.0,Approved Monthly Sales Quota
TGT-EMP-012-2026-04,EMP-012,Lavanya Krishnan,BR-03,2026-04,2026-04-01,2026-04-30,178200.0,Approved Monthly Sales Quota
TGT-EMP-002-2026-05,EMP-002,Ravi Shankar,BR-01,2026-05,2026-05-01,2026-05-31,432250.0,Approved Monthly Sales Quota
TGT-EMP-003-2026-05,EMP-003,Anand Natarajan,BR-01,2026-05,2026-05-01,2026-05-31,271700.0,Approved Monthly Sales Quota
TGT-EMP-006-2026-05,EMP-006,Suresh Kumar,BR-02,2026-05,2026-05-01,2026-05-31,332500.0,Approved Monthly Sales Quota
TGT-EMP-007-2026-05,EMP-007,Deepak Sharma,BR-02,2026-05,2026-05-01,2026-05-31,209000.0,Approved Monthly Sales Quota
TGT-EMP-009-2026-05,EMP-009,Ganesh Balaji,BR-03,2026-05,2026-05-01,2026-05-31,299250.0,Approved Monthly Sales Quota
TGT-EMP-010-2026-05,EMP-010,Santhosh Pandian,BR-03,2026-05,2026-05-01,2026-05-31,188100.0,Approved Monthly Sales Quota
TGT-EMP-012-2026-05,EMP-012,Lavanya Krishnan,BR-03,2026-05,2026-05-01,2026-05-31,188100.0,Approved Monthly Sales Quota
TGT-EMP-002-2026-06,EMP-002,Ravi Shankar,BR-01,2026-06,2026-06-01,2026-06-30,409500.0,Approved Monthly Sales Quota
TGT-EMP-003-2026-06,EMP-003,Anand Natarajan,BR-01,2026-06,2026-06-01,2026-06-30,257400.0,Approved Monthly Sales Quota
TGT-EMP-006-2026-06,EMP-006,Suresh Kumar,BR-02,2026-06,2026-06-01,2026-06-30,315000.0,Approved Monthly Sales Quota
TGT-EMP-007-2026-06,EMP-007,Deepak Sharma,BR-02,2026-06,2026-06-01,2026-06-30,198000.0,Approved Monthly Sales Quota
TGT-EMP-009-2026-06,EMP-009,Ganesh Balaji,BR-03,2026-06,2026-06-01,2026-06-30,283500.0,Approved Monthly Sales Quota
TGT-EMP-010-2026-06,EMP-010,Santhosh Pandian,BR-03,2026-06,2026-06-01,2026-06-30,178200.0,Approved Monthly Sales Quota
TGT-EMP-012-2026-06,EMP-012,Lavanya Krishnan,BR-03,2026-06,2026-06-01,2026-06-30,178200.0,Approved Monthly Sales Quota
TGT-EMP-002-2026-07,EMP-002,Ravi Shankar,BR-01,2026-07,2026-07-01,2026-07-31,432250.0,Approved Monthly Sales Quota
TGT-EMP-003-2026-07,EMP-003,Anand Natarajan,BR-01,2026-07,2026-07-01,2026-07-31,271700.0,Approved Monthly Sales Quota
TGT-EMP-006-2026-07,EMP-006,Suresh Kumar,BR-02,2026-07,2026-07-01,2026-07-31,332500.0,Approved Monthly Sales Quota
TGT-EMP-007-2026-07,EMP-007,Deepak Sharma,BR-02,2026-07,2026-07-01,2026-07-31,209000.0,Approved Monthly Sales Quota
TGT-EMP-009-2026-07,EMP-009,Ganesh Balaji,BR-03,2026-07,2026-07-01,2026-07-31,299250.0,Approved Monthly Sales Quota
TGT-EMP-010-2026-07,EMP-010,Santhosh Pandian,BR-03,2026-07,2026-07-01,2026-07-31,188100.0,Approved Monthly Sales Quota
TGT-EMP-012-2026-07,EMP-012,Lavanya Krishnan,BR-03,2026-07,2026-07-01,2026-07-31,188100.0,Approved Monthly Sales Quota
TGT-EMP-002-2026-08,EMP-002,Ravi Shankar,BR-01,2026-08,2026-08-01,2026-08-31,477750.0,Approved Monthly Sales Quota
TGT-EMP-003-2026-08,EMP-003,Anand Natarajan,BR-01,2026-08,2026-08-01,2026-08-31,300300.0,Approved Monthly Sales Quota
TGT-EMP-006-2026-08,EMP-006,Suresh Kumar,BR-02,2026-08,2026-08-01,2026-08-31,367500.0,Approved Monthly Sales Quota
TGT-EMP-007-2026-08,EMP-007,Deepak Sharma,BR-02,2026-08,2026-08-01,2026-08-31,231000.0,Approved Monthly Sales Quota
TGT-EMP-009-2026-08,EMP-009,Ganesh Balaji,BR-03,2026-08,2026-08-01,2026-08-31,330750.0,Approved Monthly Sales Quota
TGT-EMP-010-2026-08,EMP-010,Santhosh Pandian,BR-03,2026-08,2026-08-01,2026-08-31,207900.0,Approved Monthly Sales Quota
TGT-EMP-012-2026-08,EMP-012,Lavanya Krishnan,BR-03,2026-08,2026-08-01,2026-08-31,207900.0,Approved Monthly Sales Quota
TGT-EMP-002-2026-09,EMP-002,Ravi Shankar,BR-01,2026-09,2026-09-01,2026-09-30,523250.0,Approved Monthly Sales Quota
TGT-EMP-003-2026-09,EMP-003,Anand Natarajan,BR-01,2026-09,2026-09-01,2026-09-30,328900.0,Approved Monthly Sales Quota
TGT-EMP-006-2026-09,EMP-006,Suresh Kumar,BR-02,2026-09,2026-09-01,2026-09-30,402500.0,Approved Monthly Sales Quota
TGT-EMP-007-2026-09,EMP-007,Deepak Sharma,BR-02,2026-09,2026-09-01,2026-09-30,253000.0,Approved Monthly Sales Quota
TGT-EMP-009-2026-09,EMP-009,Ganesh Balaji,BR-03,2026-09,2026-09-01,2026-09-30,362250.0,Approved Monthly Sales Quota
TGT-EMP-010-2026-09,EMP-010,Santhosh Pandian,BR-03,2026-09,2026-09-01,2026-09-30,227700.0,Approved Monthly Sales Quota
TGT-EMP-012-2026-09,EMP-012,Lavanya Krishnan,BR-03,2026-09,2026-09-01,2026-09-30,227700.0,Approved Monthly Sales Quota
TGT-EMP-002-2026-10,EMP-002,Ravi Shankar,BR-01,2026-10,2026-10-01,2026-10-31,659750.0,Approved Monthly Sales Quota
TGT-EMP-003-2026-10,EMP-003,Anand Natarajan,BR-01,2026-10,2026-10-01,2026-10-31,414700.0,Approved Monthly Sales Quota
TGT-EMP-006-2026-10,EMP-006,Suresh Kumar,BR-02,2026-10,2026-10-01,2026-10-31,507500.0,Approved Monthly Sales Quota
TGT-EMP-007-2026-10,EMP-007,Deepak Sharma,BR-02,2026-10,2026-10-01,2026-10-31,319000.0,Approved Monthly Sales Quota
TGT-EMP-009-2026-10,EMP-009,Ganesh Balaji,BR-03,2026-10,2026-10-01,2026-10-31,456750.0,Approved Monthly Sales Quota
TGT-EMP-010-2026-10,EMP-010,Santhosh Pandian,BR-03,2026-10,2026-10-01,2026-10-31,287100.0,Approved Monthly Sales Quota
TGT-EMP-012-2026-10,EMP-012,Lavanya Krishnan,BR-03,2026-10,2026-10-01,2026-10-31,287100.0,Approved Monthly Sales Quota
TGT-EMP-002-2026-11,EMP-002,Ravi Shankar,BR-01,2026-11,2026-11-01,2026-11-30,614250.0,Approved Monthly Sales Quota
TGT-EMP-003-2026-11,EMP-003,Anand Natarajan,BR-01,2026-11,2026-11-01,2026-11-30,386100.0,Approved Monthly Sales Quota
TGT-EMP-006-2026-11,EMP-006,Suresh Kumar,BR-02,2026-11,2026-11-01,2026-11-30,472500.0,Approved Monthly Sales Quota
TGT-EMP-007-2026-11,EMP-007,Deepak Sharma,BR-02,2026-11,2026-11-01,2026-11-30,297000.0,Approved Monthly Sales Quota
TGT-EMP-009-2026-11,EMP-009,Ganesh Balaji,BR-03,2026-11,2026-11-01,2026-11-30,425250.0,Approved Monthly Sales Quota
TGT-EMP-010-2026-11,EMP-010,Santhosh Pandian,BR-03,2026-11,2026-11-01,2026-11-30,267300.0,Approved Monthly Sales Quota
TGT-EMP-012-2026-11,EMP-012,Lavanya Krishnan,BR-03,2026-11,2026-11-01,2026-11-30,267300.0,Approved Monthly Sales Quota
TGT-EMP-002-2026-12,EMP-002,Ravi Shankar,BR-01,2026-12,2026-12-01,2026-12-31,477750.0,Approved Monthly Sales Quota
TGT-EMP-003-2026-12,EMP-003,Anand Natarajan,BR-01,2026-12,2026-12-01,2026-12-31,300300.0,Approved Monthly Sales Quota
TGT-EMP-006-2026-12,EMP-006,Suresh Kumar,BR-02,2026-12,2026-12-01,2026-12-31,367500.0,Approved Monthly Sales Quota
TGT-EMP-007-2026-12,EMP-007,Deepak Sharma,BR-02,2026-12,2026-12-01,2026-12-31,231000.0,Approved Monthly Sales Quota
TGT-EMP-009-2026-12,EMP-009,Ganesh Balaji,BR-03,2026-12,2026-12-01,2026-12-31,330750.0,Approved Monthly Sales Quota
TGT-EMP-010-2026-12,EMP-010,Santhosh Pandian,BR-03,2026-12,2026-12-01,2026-12-31,207900.0,Approved Monthly Sales Quota
TGT-EMP-012-2026-12,EMP-012,Lavanya Krishnan,BR-03,2026-12,2026-12-01,2026-12-31,207900.0,Approved Monthly Sales Quota
