balance_id,balance_date,branch_id,product_id,sku,quantity_on_hand,unit_cost,total_valuation,notes
OB-BR-01-PRD-001,2024-01-01,BR-01,PRD-001,LED-BULB-09W,263,42.0,11046.0,Annual Physical Stock Opening Count 2024
OB-BR-01-PRD-002,2024-01-01,BR-01,PRD-002,LED-BULB-12W,128,58.0,7424.0,Annual Physical Stock Opening Count 2024
OB-BR-01-PRD-003,2024-01-01,BR-01,PRD-003,LED-BULB-18W,106,95.0,10070.0,Annual Physical Stock Opening Count 2024
OB-BR-01-PRD-004,2024-01-01,BR-01,PRD-004,LED-BAT-20W,289,145.0,41905.0,Annual Physical Stock Opening Count 2024
OB-BR-01-PRD-005,2024-01-01,BR-01,PRD-005,LED-BAT-36W,170,280.0,47600.0,Annual Physical Stock Opening Count 2024
OB-BR-01-PRD-006,2024-01-01,BR-01,PRD-006,LED-PNL-15W,162,160.0,25920.0,Annual Physical Stock Opening Count 2024
OB-BR-01-PRD-007,2024-01-01,BR-01,PRD-007,LED-PNL-24W,157,520.0,81640.0,Annual Physical Stock Opening Count 2024
OB-BR-01-PRD-008,2024-01-01,BR-01,PRD-008,LED-FL-50W,135,650.0,87750.0,Annual Physical Stock Opening Count 2024
OB-BR-01-PRD-009,2024-01-01,BR-01,PRD-009,INC-BLB-60W,50,12.0,600.0,Annual Physical Stock Opening Count 2024
OB-BR-01-PRD-010,2024-01-01,BR-01,PRD-010,FAN-CEIL-1200,288,1350.0,388800.0,Annual Physical Stock Opening Count 2024
OB-BR-01-PRD-011,2024-01-01,BR-01,PRD-011,FAN-BLDC-1200,126,2200.0,277200.0,Annual Physical Stock Opening Count 2024
OB-BR-01-PRD-012,2024-01-01,BR-01,PRD-012,FAN-EXH-150,273,620.0,169260.0,Annual Physical Stock Opening Count 2024
OB-BR-01-PRD-013,2024-01-01,BR-01,PRD-013,FAN-WALL-400,289,1480.0,427720.0,Annual Physical Stock Opening Count 2024
OB-BR-01-PRD-014,2024-01-01,BR-01,PRD-014,SW-MOD-6A,328,18.0,5904.0,Annual Physical Stock Opening Count 2024
OB-BR-01-PRD-015,2024-01-01,BR-01,PRD-015,SW-MOD-16A,239,42.0,10038.0,Annual Physical Stock Opening Count 2024
OB-BR-01-PRD-016,2024-01-01,BR-01,PRD-016,SOC-MOD-6A,122,36.0,4392.0,Annual Physical Stock Opening Count 2024
OB-BR-01-PRD-017,2024-01-01,BR-01,PRD-017,SOC-MOD-16A,251,65.0,16315.0,Annual Physical Stock Opening Count 2024
OB-BR-01-PRD-018,2024-01-01,BR-01,PRD-018,REG-MOD-FAN,208,140.0,29120.0,Annual Physical Stock Opening Count 2024
OB-BR-01-PRD-019,2024-01-01,BR-01,PRD-019,PLT-MOD-4M,108,48.0,5184.0,Annual Physical Stock Opening Count 2024
OB-BR-01-PRD-020,2024-01-01,BR-01,PRD-020,PLT-MOD-8M,107,85.0,9095.0,Annual Physical Stock Opening Count 2024
OB-BR-01-PRD-021,2024-01-01,BR-01,PRD-021,WIR-FR-100,123,880.0,108240.0,Annual Physical Stock Opening Count 2024
OB-BR-01-PRD-022,2024-01-01,BR-01,PRD-022,WIR-FR-150,155,1250.0,193750.0,Annual Physical Stock Opening Count 2024
OB-BR-01-PRD-023,2024-01-01,BR-01,PRD-023,WIR-FR-250,159,1950.0,310050.0,Annual Physical Stock Opening Count 2024
OB-BR-01-PRD-024,2024-01-01,BR-01,PRD-024,WIR-FR-400,229,3100.0,709900.0,Annual Physical Stock Opening Count 2024
OB-BR-01-PRD-025,2024-01-01,BR-01,PRD-025,WIR-FR-600,254,4600.0,1168400.0,Annual Physical Stock Opening Count 2024
OB-BR-01-PRD-026,2024-01-01,BR-01,PRD-026,CBL-ARM-4C10,106,185.0,19610.0,Annual Physical Stock Opening Count 2024
OB-BR-01-PRD-027,2024-01-01,BR-01,PRD-027,MCB-SP-10A,243,82.0,19926.0,Annual Physical Stock Opening Count 2024
OB-BR-01-PRD-028,2024-01-01,BR-01,PRD-028,MCB-SP-16A,150,85.0,12750.0,Annual Physical Stock Opening Count 2024
OB-BR-01-PRD-029,2024-01-01,BR-01,PRD-029,MCB-SP-32A,283,95.0,26885.0,Annual Physical Stock Opening Count 2024
OB-BR-01-PRD-030,2024-01-01,BR-01,PRD-030,MCB-DP-32A,266,220.0,58520.0,Annual Physical Stock Opening Count 2024
OB-BR-01-PRD-031,2024-01-01,BR-01,PRD-031,RCCB-4P-40A,279,1250.0,348750.0,Annual Physical Stock Opening Count 2024
OB-BR-01-PRD-032,2024-01-01,BR-01,PRD-032,DB-SPN-08W,239,450.0,107550.0,Annual Physical Stock Opening Count 2024
OB-BR-01-PRD-033,2024-01-01,BR-01,PRD-033,DB-TPN-04W,207,1650.0,341550.0,Annual Physical Stock Opening Count 2024
OB-BR-01-PRD-034,2024-01-01,BR-01,PRD-034,EXT-SPIKE-4W,156,210.0,32760.0,Annual Physical Stock Opening Count 2024
OB-BR-01-PRD-035,2024-01-01,BR-01,PRD-035,CON-PVC-25MM,214,38.0,8132.0,Annual Physical Stock Opening Count 2024
OB-BR-01-PRD-036,2024-01-01,BR-01,PRD-036,TAP-ELEC-BLK,250,7.5,1875.0,Annual Physical Stock Opening Count 2024
OB-BR-01-PRD-037,2024-01-01,BR-01,PRD-037,LUG-COP-16MM,171,140.0,23940.0,Annual Physical Stock Opening Count 2024
OB-BR-01-PRD-038,2024-01-01,BR-01,PRD-038,TST-VOLT-DIG,307,90.0,27630.0,Annual Physical Stock Opening Count 2024
OB-BR-02-PRD-001,2024-01-01,BR-02,PRD-001,LED-BULB-09W,30,42.0,1260.0,Annual Physical Stock Opening Count 2024
OB-BR-02-PRD-002,2024-01-01,BR-02,PRD-002,LED-BULB-12W,50,58.0,2900.0,Annual Physical Stock Opening Count 2024
OB-BR-02-PRD-003,2024-01-01,BR-02,PRD-003,LED-BULB-18W,119,95.0,11305.0,Annual Physical Stock Opening Count 2024
OB-BR-02-PRD-004,2024-01-01,BR-02,PRD-004,LED-BAT-20W,84,145.0,12180.0,Annual Physical Stock Opening Count 2024
OB-BR-02-PRD-005,2024-01-01,BR-02,PRD-005,LED-BAT-36W,73,280.0,20440.0,Annual Physical Stock Opening Count 2024
OB-BR-02-PRD-006,2024-01-01,BR-02,PRD-006,LED-PNL-15W,65,160.0,10400.0,Annual Physical Stock Opening Count 2024
OB-BR-02-PRD-007,2024-01-01,BR-02,PRD-007,LED-PNL-24W,49,520.0,25480.0,Annual Physical Stock Opening Count 2024
OB-BR-02-PRD-008,2024-01-01,BR-02,PRD-008,LED-FL-50W,57,650.0,37050.0,Annual Physical Stock Opening Count 2024
OB-BR-02-PRD-009,2024-01-01,BR-02,PRD-009,INC-BLB-60W,15,12.0,180.0,Annual Physical Stock Opening Count 2024
OB-BR-02-PRD-010,2024-01-01,BR-02,PRD-010,FAN-CEIL-1200,73,1350.0,98550.0,Annual Physical Stock Opening Count 2024
OB-BR-02-PRD-011,2024-01-01,BR-02,PRD-011,FAN-BLDC-1200,43,2200.0,94600.0,Annual Physical Stock Opening Count 2024
OB-BR-02-PRD-012,2024-01-01,BR-02,PRD-012,FAN-EXH-150,41,620.0,25420.0,Annual Physical Stock Opening Count 2024
OB-BR-02-PRD-013,2024-01-01,BR-02,PRD-013,FAN-WALL-400,78,1480.0,115440.0,Annual Physical Stock Opening Count 2024
OB-BR-02-PRD-014,2024-01-01,BR-02,PRD-014,SW-MOD-6A,42,18.0,756.0,Annual Physical Stock Opening Count 2024
OB-BR-02-PRD-015,2024-01-01,BR-02,PRD-015,SW-MOD-16A,75,42.0,3150.0,Annual Physical Stock Opening Count 2024
OB-BR-02-PRD-016,2024-01-01,BR-02,PRD-016,SOC-MOD-6A,74,36.0,2664.0,Annual Physical Stock Opening Count 2024
OB-BR-02-PRD-017,2024-01-01,BR-02,PRD-017,SOC-MOD-16A,107,65.0,6955.0,Annual Physical Stock Opening Count 2024
OB-BR-02-PRD-018,2024-01-01,BR-02,PRD-018,REG-MOD-FAN,63,140.0,8820.0,Annual Physical Stock Opening Count 2024
OB-BR-02-PRD-019,2024-01-01,BR-02,PRD-019,PLT-MOD-4M,35,48.0,1680.0,Annual Physical Stock Opening Count 2024
OB-BR-02-PRD-020,2024-01-01,BR-02,PRD-020,PLT-MOD-8M,88,85.0,7480.0,Annual Physical Stock Opening Count 2024
OB-BR-02-PRD-021,2024-01-01,BR-02,PRD-021,WIR-FR-100,98,880.0,86240.0,Annual Physical Stock Opening Count 2024
OB-BR-02-PRD-022,2024-01-01,BR-02,PRD-022,WIR-FR-150,45,1250.0,56250.0,Annual Physical Stock Opening Count 2024
OB-BR-02-PRD-023,2024-01-01,BR-02,PRD-023,WIR-FR-250,78,1950.0,152100.0,Annual Physical Stock Opening Count 2024
OB-BR-02-PRD-024,2024-01-01,BR-02,PRD-024,WIR-FR-400,40,3100.0,124000.0,Annual Physical Stock Opening Count 2024
OB-BR-02-PRD-025,2024-01-01,BR-02,PRD-025,WIR-FR-600,100,4600.0,460000.0,Annual Physical Stock Opening Count 2024
OB-BR-02-PRD-026,2024-01-01,BR-02,PRD-026,CBL-ARM-4C10,67,185.0,12395.0,Annual Physical Stock Opening Count 2024
OB-BR-02-PRD-027,2024-01-01,BR-02,PRD-027,MCB-SP-10A,110,82.0,9020.0,Annual Physical Stock Opening Count 2024
OB-BR-02-PRD-028,2024-01-01,BR-02,PRD-028,MCB-SP-16A,109,85.0,9265.0,Annual Physical Stock Opening Count 2024
OB-BR-02-PRD-029,2024-01-01,BR-02,PRD-029,MCB-SP-32A,76,95.0,7220.0,Annual Physical Stock Opening Count 2024
OB-BR-02-PRD-030,2024-01-01,BR-02,PRD-030,MCB-DP-32A,103,220.0,22660.0,Annual Physical Stock Opening Count 2024
OB-BR-02-PRD-031,2024-01-01,BR-02,PRD-031,RCCB-4P-40A,54,1250.0,67500.0,Annual Physical Stock Opening Count 2024
OB-BR-02-PRD-032,2024-01-01,BR-02,PRD-032,DB-SPN-08W,120,450.0,54000.0,Annual Physical Stock Opening Count 2024
OB-BR-02-PRD-033,2024-01-01,BR-02,PRD-033,DB-TPN-04W,38,1650.0,62700.0,Annual Physical Stock Opening Count 2024
OB-BR-02-PRD-034,2024-01-01,BR-02,PRD-034,EXT-SPIKE-4W,35,210.0,7350.0,Annual Physical Stock Opening Count 2024
OB-BR-02-PRD-035,2024-01-01,BR-02,PRD-035,CON-PVC-25MM,114,38.0,4332.0,Annual Physical Stock Opening Count 2024
OB-BR-02-PRD-036,2024-01-01,BR-02,PRD-036,TAP-ELEC-BLK,59,7.5,442.5,Annual Physical Stock Opening Count 2024
OB-BR-02-PRD-037,2024-01-01,BR-02,PRD-037,LUG-COP-16MM,67,140.0,9380.0,Annual Physical Stock Opening Count 2024
OB-BR-02-PRD-038,2024-01-01,BR-02,PRD-038,TST-VOLT-DIG,40,90.0,3600.0,Annual Physical Stock Opening Count 2024
OB-BR-03-PRD-001,2024-01-01,BR-03,PRD-001,LED-BULB-09W,59,42.0,2478.0,Annual Physical Stock Opening Count 2024
OB-BR-03-PRD-002,2024-01-01,BR-03,PRD-002,LED-BULB-12W,42,58.0,2436.0,Annual Physical Stock Opening Count 2024
OB-BR-03-PRD-003,2024-01-01,BR-03,PRD-003,LED-BULB-18W,78,95.0,7410.0,Annual Physical Stock Opening Count 2024
OB-BR-03-PRD-004,2024-01-01,BR-03,PRD-004,LED-BAT-20W,65,145.0,9425.0,Annual Physical Stock Opening Count 2024
OB-BR-03-PRD-005,2024-01-01,BR-03,PRD-005,LED-BAT-36W,88,280.0,24640.0,Annual Physical Stock Opening Count 2024
OB-BR-03-PRD-006,2024-01-01,BR-03,PRD-006,LED-PNL-15W,111,160.0,17760.0,Annual Physical Stock Opening Count 2024
OB-BR-03-PRD-007,2024-01-01,BR-03,PRD-007,LED-PNL-24W,76,520.0,39520.0,Annual Physical Stock Opening Count 2024
OB-BR-03-PRD-008,2024-01-01,BR-03,PRD-008,LED-FL-50W,50,650.0,32500.0,Annual Physical Stock Opening Count 2024
OB-BR-03-PRD-009,2024-01-01,BR-03,PRD-009,INC-BLB-60W,15,12.0,180.0,Annual Physical Stock Opening Count 2024
OB-BR-03-PRD-010,2024-01-01,BR-03,PRD-010,FAN-CEIL-1200,77,1350.0,103950.0,Annual Physical Stock Opening Count 2024
OB-BR-03-PRD-011,2024-01-01,BR-03,PRD-011,FAN-BLDC-1200,75,2200.0,165000.0,Annual Physical Stock Opening Count 2024
OB-BR-03-PRD-012,2024-01-01,BR-03,PRD-012,FAN-EXH-150,56,620.0,34720.0,Annual Physical Stock Opening Count 2024
OB-BR-03-PRD-013,2024-01-01,BR-03,PRD-013,FAN-WALL-400,115,1480.0,170200.0,Annual Physical Stock Opening Count 2024
OB-BR-03-PRD-014,2024-01-01,BR-03,PRD-014,SW-MOD-6A,64,18.0,1152.0,Annual Physical Stock Opening Count 2024
OB-BR-03-PRD-015,2024-01-01,BR-03,PRD-015,SW-MOD-16A,119,42.0,4998.0,Annual Physical Stock Opening Count 2024
OB-BR-03-PRD-016,2024-01-01,BR-03,PRD-016,SOC-MOD-6A,117,36.0,4212.0,Annual Physical Stock Opening Count 2024
OB-BR-03-PRD-017,2024-01-01,BR-03,PRD-017,SOC-MOD-16A,112,65.0,7280.0,Annual Physical Stock Opening Count 2024
OB-BR-03-PRD-018,2024-01-01,BR-03,PRD-018,REG-MOD-FAN,39,140.0,5460.0,Annual Physical Stock Opening Count 2024
OB-BR-03-PRD-019,2024-01-01,BR-03,PRD-019,PLT-MOD-4M,107,48.0,5136.0,Annual Physical Stock Opening Count 2024
OB-BR-03-PRD-020,2024-01-01,BR-03,PRD-020,PLT-MOD-8M,111,85.0,9435.0,Annual Physical Stock Opening Count 2024
OB-BR-03-PRD-021,2024-01-01,BR-03,PRD-021,WIR-FR-100,51,880.0,44880.0,Annual Physical Stock Opening Count 2024
OB-BR-03-PRD-022,2024-01-01,BR-03,PRD-022,WIR-FR-150,98,1250.0,122500.0,Annual Physical Stock Opening Count 2024
OB-BR-03-PRD-023,2024-01-01,BR-03,PRD-023,WIR-FR-250,61,1950.0,118950.0,Annual Physical Stock Opening Count 2024
OB-BR-03-PRD-024,2024-01-01,BR-03,PRD-024,WIR-FR-400,50,3100.0,155000.0,Annual Physical Stock Opening Count 2024
OB-BR-03-PRD-025,2024-01-01,BR-03,PRD-025,WIR-FR-600,89,4600.0,409400.0,Annual Physical Stock Opening Count 2024
OB-BR-03-PRD-026,2024-01-01,BR-03,PRD-026,CBL-ARM-4C10,78,185.0,14430.0,Annual Physical Stock Opening Count 2024
OB-BR-03-PRD-027,2024-01-01,BR-03,PRD-027,MCB-SP-10A,64,82.0,5248.0,Annual Physical Stock Opening Count 2024
OB-BR-03-PRD-028,2024-01-01,BR-03,PRD-028,MCB-SP-16A,111,85.0,9435.0,Annual Physical Stock Opening Count 2024
OB-BR-03-PRD-029,2024-01-01,BR-03,PRD-029,MCB-SP-32A,118,95.0,11210.0,Annual Physical Stock Opening Count 2024
OB-BR-03-PRD-030,2024-01-01,BR-03,PRD-030,MCB-DP-32A,101,220.0,22220.0,Annual Physical Stock Opening Count 2024
OB-BR-03-PRD-031,2024-01-01,BR-03,PRD-031,RCCB-4P-40A,58,1250.0,72500.0,Annual Physical Stock Opening Count 2024
OB-BR-03-PRD-032,2024-01-01,BR-03,PRD-032,DB-SPN-08W,117,450.0,52650.0,Annual Physical Stock Opening Count 2024
OB-BR-03-PRD-033,2024-01-01,BR-03,PRD-033,DB-TPN-04W,71,1650.0,117150.0,Annual Physical Stock Opening Count 2024
OB-BR-03-PRD-034,2024-01-01,BR-03,PRD-034,EXT-SPIKE-4W,37,210.0,7770.0,Annual Physical Stock Opening Count 2024
OB-BR-03-PRD-035,2024-01-01,BR-03,PRD-035,CON-PVC-25MM,59,38.0,2242.0,Annual Physical Stock Opening Count 2024
OB-BR-03-PRD-036,2024-01-01,BR-03,PRD-036,TAP-ELEC-BLK,34,7.5,255.0,Annual Physical Stock Opening Count 2024
OB-BR-03-PRD-037,2024-01-01,BR-03,PRD-037,LUG-COP-16MM,70,140.0,9800.0,Annual Physical Stock Opening Count 2024
OB-BR-03-PRD-038,2024-01-01,BR-03,PRD-038,TST-VOLT-DIG,81,90.0,7290.0,Annual Physical Stock Opening Count 2024
