transfer_id,transfer_date,from_branch,to_branch,product_id,sku,quantity_transferred,authorized_by,transfer_status,notes
TRF-00001,2024-01-04,BR-01,BR-02,PRD-027,MCB-SP-10A,25,EMP-005,Completed,Branch Replenishment
TRF-00002,2024-03-07,BR-01,BR-03,PRD-019,PLT-MOD-4M,29,EMP-005,Completed,Branch Replenishment
TRF-00003,2024-06-13,BR-01,BR-03,PRD-029,MCB-SP-32A,33,EMP-005,Completed,Branch Replenishment
TRF-00004,2024-07-04,BR-01,BR-03,PRD-028,MCB-SP-16A,15,EMP-005,Completed,Branch Replenishment
TRF-00005,2024-08-22,BR-01,BR-02,PRD-029,MCB-SP-32A,27,EMP-005,Completed,Branch Replenishment
TRF-00006,2024-09-05,BR-01,BR-03,PRD-013,FAN-WALL-400,26,EMP-005,Completed,Branch Replenishment
TRF-00007,2024-10-31,BR-01,BR-03,PRD-010,FAN-CEIL-1200,28,EMP-005,Completed,Branch Replenishment
TRF-00008,2024-12-12,BR-01,BR-03,PRD-012,FAN-EXH-150,20,EMP-005,Completed,Branch Replenishment
TRF-00009,2025-01-09,BR-01,BR-02,PRD-016,SOC-MOD-6A,31,EMP-005,Completed,Branch Replenishment
TRF-00010,2025-01-16,BR-01,BR-03,PRD-017,SOC-MOD-16A,24,EMP-005,Completed,Branch Replenishment
TRF-00011,2025-01-23,BR-01,BR-03,PRD-026,CBL-ARM-4C10,33,EMP-005,Completed,Branch Replenishment
TRF-00012,2025-01-30,BR-01,BR-03,PRD-012,FAN-EXH-150,20,EMP-005,Completed,Branch Replenishment
TRF-00013,2025-02-20,BR-01,BR-03,PRD-018,REG-MOD-FAN,28,EMP-005,Completed,Branch Replenishment
TRF-00014,2025-04-24,BR-01,BR-02,PRD-014,SW-MOD-6A,21,EMP-005,Completed,Branch Replenishment
TRF-00015,2025-05-01,BR-01,BR-02,PRD-019,PLT-MOD-4M,15,EMP-005,Completed,Branch Replenishment
TRF-00016,2025-07-17,BR-01,BR-03,PRD-022,WIR-FR-150,24,EMP-005,Completed,Branch Replenishment
TRF-00017,2025-08-14,BR-01,BR-02,PRD-036,TAP-ELEC-BLK,22,EMP-005,Completed,Branch Replenishment
TRF-00018,2025-08-21,BR-01,BR-02,PRD-019,PLT-MOD-4M,23,EMP-005,Completed,Branch Replenishment
TRF-00019,2025-09-04,BR-01,BR-02,PRD-027,MCB-SP-10A,26,EMP-005,Completed,Branch Replenishment
TRF-00020,2025-10-16,BR-01,BR-02,PRD-035,CON-PVC-25MM,19,EMP-005,Completed,Branch Replenishment
TRF-00021,2025-11-13,BR-01,BR-02,PRD-003,LED-BULB-18W,34,EMP-005,Completed,Branch Replenishment
TRF-00022,2025-12-04,BR-01,BR-02,PRD-028,MCB-SP-16A,22,EMP-005,Completed,Branch Replenishment
TRF-00023,2026-01-01,BR-01,BR-02,PRD-024,WIR-FR-400,19,EMP-005,Completed,Branch Replenishment
TRF-00024,2026-04-30,BR-01,BR-03,PRD-014,SW-MOD-6A,16,EMP-005,Completed,Branch Replenishment
TRF-00025,2026-05-07,BR-01,BR-03,PRD-027,MCB-SP-10A,33,EMP-005,Completed,Branch Replenishment
TRF-00026,2026-05-14,BR-01,BR-03,PRD-023,WIR-FR-250,32,EMP-005,Completed,Branch Replenishment
TRF-00027,2026-06-04,BR-01,BR-03,PRD-002,LED-BULB-12W,33,EMP-005,Completed,Branch Replenishment
TRF-00028,2026-06-25,BR-01,BR-02,PRD-015,SW-MOD-16A,18,EMP-005,Completed,Branch Replenishment
TRF-00029,2026-07-09,BR-01,BR-02,PRD-019,PLT-MOD-4M,33,EMP-005,Completed,Branch Replenishment
TRF-00030,2026-07-16,BR-01,BR-02,PRD-029,MCB-SP-32A,29,EMP-005,Completed,Branch Replenishment
TRF-00031,2026-07-30,BR-01,BR-03,PRD-015,SW-MOD-16A,18,EMP-005,Completed,Branch Replenishment
TRF-00032,2026-08-06,BR-01,BR-03,PRD-001,LED-BULB-09W,34,EMP-005,Completed,Branch Replenishment
TRF-00033,2026-08-20,BR-01,BR-02,PRD-013,FAN-WALL-400,28,EMP-005,Completed,Branch Replenishment
TRF-00034,2026-08-27,BR-01,BR-03,PRD-023,WIR-FR-250,35,EMP-005,Completed,Branch Replenishment
TRF-00035,2026-09-03,BR-01,BR-02,PRD-010,FAN-CEIL-1200,29,EMP-005,Completed,Branch Replenishment
